RTLS,v3,738509,241,4,2,3012,-86,-88.4,282.66,3,3097,-91,-92.5,263.88,4,3922,-81,-84.5,368.84,5,1379,-89,-92.1,204.84
RTLS,v3,738659,241,3,3,3064,-91,-93.3,257.45,4,3946,-80,-83.3,431.20,5,1412,-89,-92.7,215.58
RTLS,v3,1107061,240,4,2,3997,-84,-86.0,330.25,3,4087,-92,-93.0,240.68,4,3955,-80,-81.7,409.52,5,1928,-92,-96.1,158.52,IMU,0,0.2432,-0.0203,-0.0268,-0.9694,0.000,0.008,0.008,-0.0039,0.0000,0.0020
RTLS,v3,738941,241,4,2,3059,-86,-88.4,236.68,3,3054,-90,-92.1,262.98,4,3889,-82,-84.5,474.58,5,1403,-89,-92.0,160.84
RTLS,v3,739115,241,4,2,3036,-86,-88.5,265.75,3,3031,-91,-93.3,253.76,4,3852,-81,-84.4,404.33,5,1403,-89,-93.0,155.68
RTLS,v3,739290,241,4,2,3036,-88,-89.6,222.76,3,3059,-90,-92.0,259.31,4,3908,-81,-84.2,316.31,5,1431,-89,-92.1,157.06
RTLS,v3,739572,241,4,2,3031,-86,-88.0,286.35,3,3036,-90,-92.0,256.82,4,3880,-81,-83.7,428.08,5,1408,-89,-92.8,182.70
RTLS,v3,739698,241,4,2,3026,-86,-88.5,283.83,3,3092,-91,-92.9,278.16,4,3908,-81,-84.3,387.83,5,1454,-89,-92.0,234.04
RTLS,v3,739823,241,4,2,3078,-86,-88.3,328.56,3,3036,-91,-92.3,240.61,4,3969,-81,-83.4,364.06,5,1342,-89,-92.4,193.32
RTLS,v3,739973,241,3,3,3101,-91,-93.0,285.04,4,3880,-81,-84.1,399.52,5,1403,-89,-92.6,177.88
RTLS,v3,740099,241,4,2,3059,-86,-88.0,327.20,3,3054,-90,-92.0,267.92,4,3899,-80,-82.3,450.25,5,1412,-89,-91.8,244.75
RTLS,v3,740224,241,4,2,3026,-86,-88.0,326.64,3,3026,-91,-92.4,236.24,4,3913,-81,-83.3,447.17,5,1417,-89,-91.9,195.00
RTLS,v3,740375,241,3,3,3064,-91,-93.0,206.40,4,3904,-82,-85.7,362.42,5,1403,-89,-91.6,220.47
RTLS,v3,740500,241,4,2,3054,-86,-88.6,295.98,3,3059,-91,-92.5,251.71,4,3875,-82,-85.2,404.96,5,1398,-89,-92.0,203.93
RTLS,v3,740650,241,3,3,3073,-91,-93.1,270.08,4,3899,-80,-83.5,336.31,5,1351,-89,-92.2,205.44
RTLS,v3,1109002,240,4,2,4007,-85,-87.3,385.08,3,4035,-92,-93.0,266.38,4,3955,-80,-81.9,483.64,5,1999,-92,-96.8,146.93,IMU,0,0.2432,-0.0205,-0.0269,-0.9694,-0.008,0.000,0.000,0.0000,-0.0059,0.0020
RTLS,v3,740882,241,4,2,3031,-87,-89.1,317.85,3,3003,-91,-92.2,246.13,4,3913,-80,-82.3,392.66,5,1398,-89,-91.8,229.25
RTLS,v3,741007,241,4,2,3045,-86,-88.3,345.96,3,3064,-91,-92.9,245.35,4,3885,-80,-83.0,439.25,5,1408,-89,-92.6,202.30
RTLS,v3,741132,241,4,2,3007,-86,-88.5,297.45,3,3050,-90,-92.2,280.67,4,3880,-80,-83.1,385.05,5,1483,-90,-92.9,184.72
RTLS,v3,741257,241,4,2,3007,-86,-88.4,312.21,3,3082,-91,-92.4,296.45,4,3932,-82,-86.3,312.87,5,1365,-90,-93.2,124.29
RTLS,v3,1109612,240,4,2,3974,-84,-86.9,362.63,3,4035,-91,-92.7,222.37,4,3941,-80,-82.9,407.15,5,1938,-92,-95.9,140.19,IMU,0,0.2431,-0.0206,-0.0267,-0.9694,0.000,0.000,0.008,0.0098,0.0098,0.0000
RTLS,v3,741503,241,4,2,3106,-86,-88.2,268.36,3,3068,-91,-92.6,262.80,4,3894,-80,-82.3,424.08,5,1370,-90,-93.0,194.89
RTLS,v3,741629,241,4,2,3031,-86,-88.0,294.12,3,3045,-90,-92.1,273.26,4,3885,-82,-86.2,379.40,5,1408,-89,-92.2,210.93
RTLS,v3,1109983,240,4,2,3988,-83,-85.5,333.90,3,4040,-92,-93.9,182.93,4,3894,-80,-82.2,416.75,5,1966,-92,-96.7,98.86,IMU,0,0.2430,-0.0204,-0.0267,-0.9694,0.035,0.047,0.008,0.0020,-0.0039,0.0000
RTLS,v3,741863,241,4,2,3050,-85,-88.2,299.38,3,3017,-91,-93.2,231.45,4,3880,-80,-82.5,440.33,5,1370,-89,-91.9,181.25
RTLS,v3,742053,241,4,2,3021,-87,-89.2,298.39,3,3073,-91,-92.8,254.53,4,3880,-82,-86.0,319.15,5,1459,-89,-92.1,207.30
RTLS,v3,742228,241,4,2,2989,-86,-88.6,264.97,3,3036,-91,-92.4,239.74,4,3871,-81,-83.8,336.38,5,1417,-89,-92.2,184.50
RTLS,v3,1110580,240,4,2,3965,-84,-86.7,318.33,3,4040,-92,-93.7,252.91,4,3988,-80,-81.3,475.25,5,1938,-92,-96.2,119.64,IMU,0,0.2430,-0.0206,-0.0267,-0.9694,-0.008,0.000,0.008,0.0039,-0.0020,0.0000
RTLS,v3,742460,241,4,2,3031,-86,-88.5,274.15,3,3012,-91,-92.9,259.91,4,3885,-81,-85.1,420.98,5,1417,-89,-92.8,121.62
RTLS,v3,1110812,240,4,2,3997,-84,-85.9,378.68,3,4077,-92,-93.1,232.29,4,3875,-80,-83.0,388.50,5,1928,-92,-95.8,152.81,IMU,0,0.2430,-0.0208,-0.0266,-0.9694,-0.008,0.008,0.008,-0.0039,-0.0039,0.0000
RTLS,v3,742692,241,4,2,2993,-86,-88.6,299.52,3,3073,-91,-92.6,271.47,4,3960,-80,-82.4,372.15,5,1426,-89,-92.6,238.61
RTLS,v3,742817,241,4,2,3031,-88,-89.3,284.57,3,3111,-91,-92.9,275.00,4,3824,-82,-86.0,377.69,5,1375,-89,-92.7,234.31
RTLS,v3,742942,241,4,2,3012,-86,-88.3,318.90,3,3078,-91,-92.9,238.87,4,3861,-82,-85.6,331.38,5,1398,-90,-92.9,124.72
RTLS,v3,743081,241,4,2,2989,-86,-88.3,334.31,3,3092,-91,-92.2,218.70,4,3857,-80,-83.6,369.25,5,1454,-89,-91.8,228.18
RTLS,v3,743207,241,4,2,3012,-86,-88.5,295.02,3,3050,-91,-92.6,289.68,4,3932,-81,-83.3,379.39,5,1304,-89,-92.7,206.50
RTLS,v3,743341,241,1,5,1403,-89,-93.1,191.84
RTLS,v3,1111583,240,0,IMU,0,0.2430,-0.0201,-0.0266,-0.9695,0.000,0.008,0.008,0.0000,-0.0156,0.0020
RTLS,v3,743478,241,3,2,3036,-87,-89.5,291.22,3,3092,-91,-93.3,253.27,5,1412,-89,-92.3,156.86
RTLS,v3,1111831,240,4,2,3974,-84,-86.7,321.62,3,4054,-92,-92.8,247.17,4,3932,-80,-81.4,400.09,5,1942,-92,-95.9,126.71,IMU,0,0.2430,-0.0203,-0.0265,-0.9694,0.008,0.000,0.008,-0.0039,0.0059,-0.0020
RTLS,v3,743689,241,3,2,3045,-86,-88.5,349.42,3,3101,-91,-92.4,276.16,5,1454,-89,-92.7,176.33
RTLS,v3,743818,241,2,3,3143,-91,-92.9,242.76,5,1318,-89,-92.0,213.04
RTLS,v3,1112172,240,4,2,3979,-83,-84.5,351.71,3,4026,-92,-93.3,246.53,4,3885,-80,-82.7,333.50,5,1942,-92,-96.0,104.58,IMU,0,0.2430,-0.0205,-0.0264,-0.9695,0.000,-0.023,-0.031,0.0039,0.0039,0.0039
RTLS,v3,744052,241,4,2,3026,-87,-88.9,268.68,3,3017,-91,-93.0,233.60,4,3899,-81,-83.7,390.61,5,1384,-89,-91.9,199.43
RTLS,v3,744177,241,4,2,3012,-86,-88.6,351.62,3,3045,-91,-92.5,236.79,4,3880,-81,-84.4,333.46,5,1417,-89,-92.6,203.67
RTLS,v3,744302,241,4,2,3036,-87,-89.3,266.49,3,3101,-91,-92.4,229.05,4,3894,-82,-85.6,414.88,5,1440,-89,-92.5,179.78
RTLS,v3,744427,241,4,2,3036,-86,-88.4,276.02,3,3078,-91,-92.8,246.35,4,3932,-81,-84.1,335.15,5,1408,-89,-92.1,211.44
RTLS,v3,1112831,240,4,2,4063,-84,-86.3,344.55,3,4068,-92,-93.7,281.10,4,3941,-80,-81.6,482.81,5,1975,-92,-96.2,174.00,IMU,0,0.2430,-0.0206,-0.0264,-0.9694,0.000,-0.031,-0.031,0.0000,0.0000,0.0000
RTLS,v3,744711,241,4,2,3017,-86,-88.2,321.15,3,3068,-91,-92.9,231.24,4,3904,-82,-85.2,358.55,5,1431,-89,-92.7,189.92
RTLS,v3,744863,241,3,2,3045,-87,-88.5,323.93,4,3805,-80,-83.2,384.64,5,1403,-89,-91.5,244.82
RTLS,v3,745037,241,4,2,3021,-87,-89.3,269.07,3,3101,-91,-92.6,243.06,4,3875,-80,-82.8,374.95,5,1398,-89,-92.2,165.91
RTLS,v3,745223,241,4,2,3017,-85,-88.3,199.46,3,3036,-91,-93.0,258.80,4,3908,-81,-83.3,347.15,5,1440,-89,-91.9,195.48
RTLS,v3,745349,241,4,2,3036,-86,-88.4,269.84,3,3064,-90,-92.1,263.47,4,3979,-80,-82.7,408.61,5,1398,-89,-91.5,192.65
RTLS,v3,1113751,240,4,2,3988,-84,-86.3,331.12,3,4129,-92,-93.3,238.84,4,3918,-80,-82.4,426.36,5,1905,-92,-95.9,103.18,IMU,0,0.2430,-0.0204,-0.0264,-0.9694,-0.039,0.008,0.008,0.0000,0.0039,0.0000
RTLS,v3,745631,241,4,2,3040,-87,-88.9,271.50,3,3073,-91,-92.2,269.56,4,3922,-80,-83.5,337.77,5,1417,-89,-92.3,194.68
RTLS,v3,745782,241,3,3,3143,-91,-92.7,269.89,4,3843,-81,-83.7,351.48,5,1393,-89,-92.1,277.55
RTLS,v3,745933,241,3,3,3059,-90,-91.9,287.30,4,3899,-81,-83.7,380.25,5,1403,-89,-91.9,191.51
RTLS,v3,746036,241,3,3,3064,-91,-92.4,256.47,4,3847,-80,-83.9,375.93,5,1379,-89,-92.2,135.70
RTLS,v3,1114390,240,4,2,4016,-84,-87.4,333.77,3,4007,-92,-92.7,259.47,4,3960,-80,-81.7,434.11,5,1910,-92,-96.3,98.18,IMU,0,0.2431,-0.0203,-0.0267,-0.9694,0.008,0.000,-0.039,0.0098,0.0098,0.0000
RTLS,v3,746248,241,3,3,3097,-91,-92.8,242.35,4,3852,-81,-83.9,405.50,5,1436,-89,-91.9,165.54
RTLS,v3,746605,241,4,2,3012,-87,-89.2,289.40,3,3097,-91,-92.9,264.61,4,3838,-81,-84.3,425.09,5,1403,-89,-91.9,217.98
RTLS,v3,746753,241,4,2,3021,-86,-88.6,300.95,3,3040,-91,-92.7,259.59,4,3922,-81,-83.1,422.25,5,1365,-89,-92.2,209.47
RTLS,v3,1115112,240,4,2,3969,-84,-85.4,306.18,3,4110,-92,-93.0,213.26,4,3969,-80,-82.1,466.70,5,1956,-92,-96.0,151.44,IMU,0,0.2432,-0.0200,-0.0268,-0.9694,0.035,0.008,0.008,-0.0059,-0.0039,0.0000
RTLS,v3,746991,241,4,2,3045,-86,-88.6,250.21,3,3054,-91,-93.0,225.11,4,3974,-81,-84.2,396.25,5,1384,-89,-91.9,179.24
RTLS,v3,747117,241,4,2,3031,-86,-88.6,305.37,3,3115,-91,-92.8,202.09,4,3824,-81,-83.9,424.34,5,1412,-89,-91.9,176.54
RTLS,v3,747254,241,4,2,3036,-87,-88.3,297.12,3,3092,-91,-92.7,272.65,4,3847,-81,-83.5,407.30,5,1389,-89,-92.0,211.35
RTLS,v3,1115791,240,4,2,3871,-84,-87.7,326.62,3,4049,-92,-93.4,296.84,4,3932,-80,-82.6,411.48,5,1966,-92,-96.1,188.08,IMU,0,0.2431,-0.0201,-0.0267,-0.9694,0.000,0.008,0.008,0.0000,0.0000,0.0000
RTLS,v3,747670,241,4,2,3054,-86,-88.5,285.81,3,3068,-91,-92.3,256.26,4,3918,-82,-85.2,324.85,5,1422,-89,-92.6,192.68
RTLS,v3,747795,241,4,2,3017,-87,-89.1,330.55,3,3068,-91,-92.4,262.26,4,3904,-81,-83.1,433.62,5,1393,-89,-91.9,204.16
RTLS,v3,1116151,240,4,2,4007,-85,-87.8,381.71,3,4129,-92,-94.0,216.82,4,3918,-79,-80.6,409.66,5,1961,-92,-96.3,175.20,IMU,0,0.2431,-0.0200,-0.0265,-0.9694,0.008,0.008,-0.031,-0.0059,-0.0137,0.0000
RTLS,v3,748030,241,4,2,3021,-86,-88.3,278.23,3,3082,-91,-92.9,187.38,4,3866,-80,-83.7,413.15,5,1417,-89,-91.9,221.36
RTLS,v3,748156,241,4,2,3026,-86,-87.9,344.15,3,3040,-91,-92.8,269.39,4,3913,-81,-83.6,377.73,5,1370,-89,-92.2,146.06
RTLS,v3,748341,241,4,2,3036,-86,-88.6,268.21,3,3143,-91,-92.6,253.31,4,3922,-81,-84.0,421.48,5,1384,-89,-91.7,217.60
RTLS,v3,748516,241,4,2,3040,-86,-88.3,288.42,3,3059,-91,-92.4,253.38,4,3885,-81,-83.9,408.65,5,1384,-90,-93.0,191.03
RTLS,v3,1116868,240,4,2,4002,-84,-86.1,346.10,3,4044,-92,-93.3,239.90,4,3932,-80,-81.4,425.45,5,1947,-92,-96.9,116.05,IMU,0,0.2430,-0.0202,-0.0264,-0.9694,0.035,0.000,-0.023,-0.0039,-0.0039,0.0020
RTLS,v3,748747,241,4,2,3031,-86,-88.3,354.67,3,3082,-91,-92.6,259.16,4,3899,-81,-84.2,405.73,5,1393,-89,-92.1,179.46
RTLS,v3,748873,241,4,2,3036,-86,-88.2,281.45,3,3073,-91,-93.0,268.24,4,3889,-81,-83.5,389.58,5,1389,-89,-92.1,179.87
RTLS,v3,748998,241,4,2,3021,-86,-88.3,240.30,3,3045,-91,-92.2,257.37,4,3810,-81,-84.5,394.48,5,1389,-89,-93.0,214.94
RTLS,v3,749149,241,3,3,3082,-91,-92.7,241.14,4,3880,-81,-82.9,425.09,5,1398,-89,-91.6,235.68
RTLS,v3,1117499,240,4,2,3955,-84,-86.1,345.20,3,4072,-91,-92.4,249.97,4,3889,-81,-82.8,447.61,5,1933,-92,-95.8,175.31,IMU,0,0.2430,-0.0199,-0.0266,-0.9695,0.051,0.000,0.047,0.0000,0.0000,0.0000
RTLS,v3,749379,241,4,2,3007,-86,-88.2,278.53,3,2975,-91,-92.7,259.50,4,3913,-82,-84.4,405.67,5,1403,-89,-92.4,222.29
RTLS,v3,1117759,240,3,3,4058,-92,-93.6,279.87,4,3936,-81,-83.2,440.82,5,1956,-92,-96.5,151.63,IMU,0,0.2430,-0.0200,-0.0266,-0.9695,0.008,-0.039,0.008,0.0000,0.0000,0.0000
RTLS,v3,749639,241,4,2,3021,-86,-88.2,347.69,3,3031,-91,-92.6,266.09,4,3899,-81,-84.6,376.62,5,1337,-89,-91.9,191.28
RTLS,v3,749764,241,4,2,3036,-86,-88.2,322.58,3,3050,-91,-92.7,222.16,4,3852,-80,-82.5,414.23,5,1384,-89,-92.4,141.50
RTLS,v3,749889,241,4,2,3064,-86,-89.0,221.39,3,3045,-91,-92.8,212.86,4,3899,-80,-83.2,413.15,5,1417,-89,-92.2,214.74
RTLS,v3,750040,241,3,3,3078,-91,-93.0,250.77,4,3922,-81,-83.7,427.45,5,1436,-89,-91.8,221.74
RTLS,v3,750191,241,3,2,3017,-86,-88.1,352.44,4,3824,-81,-84.1,424.50,5,1370,-89,-92.0,187.43
RTLS,v3,750316,241,4,2,3026,-86,-88.2,322.27,3,3059,-91,-92.6,252.30,4,3875,-81,-84.3,382.82,5,1356,-89,-92.5,209.99
RTLS,v3,750441,241,4,2,3050,-87,-89.4,247.55,3,3017,-91,-92.4,260.27,4,3861,-81,-84.5,403.14,5,1403,-89,-91.7,215.96
RTLS,v3,750591,241,3,3,3101,-90,-92.0,260.44,4,3880,-82,-86.0,279.72,5,1379,-89,-92.8,211.34
RTLS,v3,750717,241,4,2,3031,-86,-88.3,306.70,3,3073,-90,-92.2,246.56,4,3866,-80,-84.4,316.81,5,1408,-89,-92.0,183.19
RTLS,v3,1119069,240,4,2,3997,-84,-86.0,406.77,3,4077,-92,-93.6,229.37,4,3908,-80,-81.4,479.31,5,1933,-92,-96.1,134.48,IMU,0,0.2431,-0.0200,-0.0267,-0.9694,0.008,0.000,0.016,0.0059,-0.0039,0.0000
RTLS,v3,750949,241,4,2,3036,-86,-88.5,305.16,3,3054,-91,-93.6,244.46,4,3885,-82,-84.9,420.54,5,1389,-89,-92.5,239.65
RTLS,v3,751074,241,4,2,3017,-86,-88.1,332.94,3,3059,-91,-93.0,223.81,4,3889,-80,-82.5,429.88,5,1379,-89,-92.0,220.67
RTLS,v3,751248,241,4,2,2989,-87,-88.8,322.02,3,3078,-91,-92.5,269.41,4,3904,-82,-85.7,465.84,5,1384,-89,-92.3,148.84
RTLS,v3,751423,241,4,2,3021,-87,-89.1,316.22,3,3007,-91,-93.0,212.47,4,3894,-81,-83.5,348.42,5,1408,-89,-92.1,177.39
RTLS,v3,751549,241,4,2,3007,-86,-88.7,317.52,3,3097,-91,-93.2,243.54,4,3880,-81,-83.7,377.88,5,1393,-89,-92.8,183.44
RTLS,v3,751674,241,4,2,3012,-87,-89.2,281.91,3,3040,-91,-92.7,291.00,4,3922,-82,-85.3,365.77,5,1393,-89,-93.0,205.17
RTLS,v3,751799,241,4,2,2993,-87,-89.2,265.11,3,3087,-91,-92.7,254.47,4,3927,-81,-83.6,414.77,5,1389,-89,-92.4,280.31
RTLS,v3,751924,241,4,2,3026,-86,-88.2,330.02,3,3111,-90,-92.7,269.00,4,3894,-80,-83.6,372.62,5,1375,-89,-92.1,154.12
RTLS,v3,752074,241,3,3,3073,-91,-92.4,266.17,4,3852,-82,-84.6,437.36,5,1393,-89,-92.4,229.39
RTLS,v3,752200,241,4,2,3017,-86,-88.4,235.97,3,3031,-91,-93.0,264.61,4,3941,-80,-83.1,375.20,5,1347,-89,-91.8,246.25
RTLS,v3,752325,241,4,2,3040,-88,-89.2,258.17,3,3082,-91,-92.5,232.25,4,3833,-80,-82.6,407.30,5,1370,-89,-92.4,213.10
RTLS,v3,1120680,240,4,2,3979,-83,-84.3,351.88,3,4072,-92,-92.7,253.86,4,3946,-81,-83.3,383.63,5,1928,-92,-96.5,136.34,IMU,0,0.2430,-0.0200,-0.0270,-0.9694,0.043,0.000,0.008,0.0039,0.0059,0.0000
RTLS,v3,752559,241,4,2,3059,-86,-88.1,297.23,3,3040,-91,-92.4,261.19,4,3908,-81,-83.5,431.48,5,1408,-89,-92.2,151.03
RTLS,v3,752685,241,4,2,3036,-87,-88.5,294.73,3,3068,-91,-92.3,251.31,4,3875,-81,-83.4,370.69,5,1393,-89,-92.5,203.29
RTLS,v3,1121039,240,4,2,4011,-85,-87.0,287.56,3,4054,-92,-93.5,275.06,4,4021,-81,-83.9,387.60,5,1947,-92,-96.2,142.32,IMU,0,0.2431,-0.0201,-0.0269,-0.9694,0.008,0.000,0.008,-0.0020,0.0059,-0.0020
RTLS,v3,752918,241,4,2,3054,-86,-88.2,284.78,3,3064,-91,-92.2,302.43,4,3857,-80,-82.7,423.67,5,1370,-89,-92.2,134.02
RTLS,v3,753047,241,4,2,3045,-86,-88.5,275.00,3,3050,-91,-92.9,281.70,4,3857,-81,-83.5,394.33,5,1408,-89,-92.6,172.49
RTLS,v3,753173,241,4,2,3031,-87,-89.2,234.98,3,3036,-91,-93.1,249.26,4,3889,-82,-84.8,372.67,5,1370,-89,-92.4,197.55
RTLS,v3,753298,241,4,2,3045,-87,-88.6,293.53,3,3064,-91,-93.4,218.68,4,3777,-82,-85.9,340.05,5,1384,-89,-92.3,207.23
RTLS,v3,753450,241,3,2,2998,-86,-88.7,329.36,4,3866,-80,-83.2,336.79,5,1398,-90,-92.9,210.55
RTLS,v3,753575,241,4,2,3026,-86,-88.2,298.61,3,3078,-91,-92.2,280.62,4,3885,-81,-85.0,344.90,5,1379,-89,-91.6,213.41
RTLS,v3,1121929,240,4,2,4040,-83,-85.8,367.33,3,4049,-92,-93.6,214.58,4,3927,-80,-81.4,428.20,5,1928,-92,-96.4,155.03,IMU,0,0.2432,-0.0201,-0.0269,-0.9694,-0.031,0.000,-0.031,0.0000,0.0000,0.0000
RTLS,v3,753809,241,4,2,3064,-86,-87.8,228.50,3,3031,-91,-92.3,250.28,4,3899,-82,-85.4,358.87,5,1384,-89,-92.2,150.78
RTLS,v3,753983,241,4,2,3026,-86,-87.6,345.33,3,3050,-90,-92.2,248.29,4,3908,-80,-82.7,373.15,5,1384,-89,-91.9,150.91
RTLS,v3,754076,241,0
RTLS,v3,1122354,240,1,5,1942,-92,-97.0,156.24,IMU,0,0.2432,-0.0201,-0.0268,-0.9694,-0.039,0.000,0.047,0.0000,0.0000,0.0000
RTLS,v3,754430,241,4,2,3036,-88,-89.5,287.94,3,3064,-91,-93.1,193.46,4,3904,-80,-84.3,282.92,5,1375,-89,-92.1,212.45
RTLS,v3,754647,241,4,2,3036,-87,-89.5,264.45,3,3068,-91,-92.5,240.57,4,3880,-81,-84.9,331.42,5,1487,-89,-92.4,195.55
RTLS,v3,754773,241,4,2,3064,-86,-88.3,341.85,3,3082,-91,-92.7,249.82,4,3974,-81,-84.9,344.79,5,1347,-89,-92.3,237.46
RTLS,v3,754925,241,3,2,3045,-86,-88.5,307.83,4,3899,-80,-82.5,417.02,5,1393,-89,-92.3,145.68
RTLS,v3,1123308,240,3,3,4049,-92,-92.9,234.12,4,3955,-80,-82.0,428.08,5,1891,-92,-96.2,130.83,IMU,0,0.2431,-0.0200,-0.0269,-0.9694,-0.031,-0.039,0.008,0.0000,0.0000,0.0000
RTLS,v3,755187,241,4,2,3040,-86,-88.2,334.10,3,3021,-91,-92.5,278.41,4,3875,-81,-84.0,412.70,5,1389,-89,-92.9,199.96
RTLS,v3,755313,241,4,2,3026,-86,-88.0,274.20,3,3073,-91,-92.9,225.10,4,3885,-80,-83.2,488.00,5,1389,-89,-91.8,178.75
RTLS,v3,755464,241,3,2,3003,-88,-89.3,267.86,3,3087,-91,-92.4,279.06,5,1426,-89,-92.0,201.36
RTLS,v3,1123867,240,4,2,3988,-84,-85.6,317.96,3,4101,-92,-93.1,248.54,4,3941,-79,-80.2,473.06,5,1938,-92,-96.0,132.40,IMU,0,0.2432,-0.0200,-0.0270,-0.9694,-0.070,0.000,0.047,-0.0039,0.0059,0.0000
RTLS,v3,755746,241,4,2,2984,-86,-88.3,282.33,3,3068,-91,-92.5,249.97,4,3908,-81,-83.2,401.93,5,1379,-89,-91.8,229.26
RTLS,v3,755872,241,4,2,3082,-86,-88.3,296.45,3,3073,-91,-93.0,245.30,4,3894,-81,-83.7,414.83,5,1403,-89,-92.0,213.86
RTLS,v3,755997,241,4,2,3031,-86,-88.4,296.22,3,3045,-90,-92.0,276.84,4,3927,-80,-83.5,362.36,5,1398,-89,-92.2,150.82
RTLS,v3,756122,241,4,2,3012,-88,-89.2,313.08,3,3092,-91,-93.2,250.28,4,3885,-81,-83.4,346.79,5,1408,-89,-91.7,189.67
RTLS,v3,1124475,240,4,2,3997,-83,-84.8,424.48,3,4030,-92,-93.2,323.78,4,3946,-80,-82.7,449.64,5,1877,-92,-96.5,130.67,IMU,0,0.2430,-0.0202,-0.0269,-0.9694,0.008,0.000,0.008,0.0020,0.0020,0.0000
RTLS,v3,756354,241,4,2,3045,-87,-88.9,320.25,3,3087,-91,-92.6,260.02,4,3894,-82,-85.0,362.71,5,1426,-89,-92.2,206.60
RTLS,v3,1124707,240,4,2,4002,-84,-85.7,415.05,3,4026,-91,-92.6,269.66,4,3852,-79,-80.0,428.40,5,1933,-92,-96.0,113.13,IMU,0,0.2430,-0.0203,-0.0269,-0.9694,0.008,0.000,0.008,0.0000,0.0000,0.0000
RTLS,v3,756587,241,4,2,3021,-86,-88.4,346.94,3,3050,-91,-92.7,262.53,4,3889,-81,-83.7,429.77,5,1393,-89,-92.1,226.66
RTLS,v3,756712,241,4,2,3031,-86,-87.4,279.10,3,3045,-91,-92.5,277.07,4,3908,-82,-84.9,413.33,5,1370,-89,-92.3,141.56
RTLS,v3,756837,241,4,2,3040,-86,-88.2,318.06,3,3064,-91,-92.5,235.91,4,3880,-82,-85.2,384.37,5,1314,-89,-92.2,166.21
RTLS,v3,756962,241,4,2,2998,-86,-88.2,248.15,3,3003,-91,-92.6,228.14,4,3894,-82,-85.2,421.21,5,1393,-89,-92.2,170.12
RTLS,v3,1125317,240,4,2,3979,-86,-88.6,287.53,3,4087,-91,-92.8,243.14,4,3955,-80,-81.9,460.30,5,1933,-92,-96.1,124.42,IMU,0,0.2431,-0.0201,-0.0267,-0.9694,0.008,-0.039,-0.031,0.0000,0.0000,0.0000
RTLS,v3,757257,241,4,2,3012,-87,-88.9,309.55,3,3073,-91,-93.3,230.74,4,3875,-80,-82.5,453.02,5,1417,-89,-91.9,222.49
RTLS,v3,757432,241,4,2,3054,-85,-87.4,321.07,3,3040,-91,-92.6,283.05,4,3918,-81,-84.3,364.77,5,1398,-89,-92.2,133.75
RTLS,v3,1125786,240,4,2,4044,-84,-87.1,387.08,3,4044,-92,-92.9,263.86,4,3932,-81,-82.7,388.42,5,1933,-92,-96.7,132.54,IMU,0,0.2431,-0.0201,-0.0266,-0.9694,0.008,0.000,0.000,0.0000,0.0000,0.0000
RTLS,v3,757666,241,4,2,3036,-85,-88.3,278.40,3,3082,-91,-92.3,260.21,4,3922,-82,-85.2,336.40,5,1393,-89,-91.6,174.20
RTLS,v3,757791,241,4,2,3059,-86,-88.4,331.31,3,3012,-91,-92.7,256.93,4,3866,-80,-82.5,429.15,5,1393,-89,-92.2,142.36
RTLS,v3,757916,241,4,2,3054,-87,-88.6,292.62,3,3050,-90,-91.9,264.55,4,3894,-80,-83.2,427.33,5,1370,-89,-92.1,224.11
RTLS,v3,758041,241,4,2,3068,-87,-89.2,307.58,3,3017,-90,-92.0,298.48,4,3889,-80,-83.2,387.39,5,1403,-89,-92.1,148.04
RTLS,v3,1126394,240,4,2,3988,-85,-87.1,369.04,3,4021,-92,-93.2,286.13,4,3955,-81,-83.0,406.21,5,1933,-92,-95.8,191.75,IMU,0,0.2431,-0.0201,-0.0266,-0.9694,0.043,-0.039,0.008,0.0000,0.0000,0.0000
RTLS,v3,758287,241,4,2,3031,-86,-88.2,326.56,3,3054,-91,-92.8,253.71,4,3889,-80,-83.3,401.27,5,1393,-89,-91.8,195.59
RTLS,v3,758439,241,3,2,3017,-86,-87.9,384.67,3,3045,-90,-92.4,267.62,4,3899,-81,-83.2,446.52
RTLS,v3,1126787,240,4,2,4007,-84,-85.8,374.34,3,4040,-92,-93.2,221.35,4,4026,-79,-81.8,408.40,5,1924,-92,-96.0,153.70,IMU,0,0.2431,-0.0203,-0.0266,-0.9694,0.000,0.008,0.008,0.0000,0.0000,0.0000
RTLS,v3,758667,241,4,2,3054,-86,-88.2,258.58,3,3073,-91,-92.8,284.10,4,3955,-81,-83.4,393.61,5,1393,-89,-92.7,219.77
RTLS,v3,1127026,240,4,2,3979,-85,-88.0,331.40,3,4016,-92,-92.9,254.83,4,3894,-81,-82.6,439.80,5,1914,-92,-96.7,139.41,IMU,0,0.2431,-0.0203,-0.0266,-0.9694,0.000,0.008,-0.031,0.0000,0.0000,0.0000
RTLS,v3,758906,241,4,2,3017,-86,-88.2,312.05,3,2970,-91,-92.4,274.43,4,3894,-81,-83.4,390.64,5,1393,-89,-92.1,177.92
RTLS,v3,759031,241,4,2,3007,-86,-88.4,355.75,3,3092,-91,-92.5,232.33,4,3847,-81,-84.7,363.15,5,1375,-89,-92.2,239.64
RTLS,v3,759181,241,3,3,3059,-91,-93.5,186.46,4,3904,-81,-83.9,462.33,5,1375,-89,-92.3,213.90
RTLS,v3,1127536,240,4,2,3983,-84,-86.2,415.00,3,4138,-92,-93.1,228.96,4,3979,-81,-83.2,439.73,5,1938,-92,-97.0,122.99,IMU,0,0.2431,-0.0203,-0.0265,-0.9694,0.035,0.008,-0.031,0.0000,0.0000,0.0000
RTLS,v3,759416,241,4,2,3040,-87,-88.5,315.90,3,3007,-91,-93.0,234.38,4,3899,-81,-83.9,390.29,5,1412,-89,-92.1,250.28
RTLS,v3,759542,241,4,2,3026,-86,-88.4,294.35,3,3101,-90,-92.2,237.25,4,3889,-82,-84.6,403.94,5,1417,-89,-92.7,173.10
RTLS,v3,759667,241,4,2,2998,-87,-88.8,267.92,3,3078,-91,-92.8,259.03,4,3880,-81,-83.4,385.98,5,1464,-89,-92.3,169.25
RTLS,v3,759831,241,3,3,3064,-90,-92.1,266.73,4,3875,-81,-84.3,475.40,5,1389,-89,-92.1,199.51
RTLS,v3,759953,241,2,2,3007,-87,-88.8,298.97,3,2505,-91,-93.1,239.65
RTLS,v3,1128258,240,2,4,3908,-81,-82.7,371.52,5,1886,-92,-96.1,92.30,IMU,0,0.2431,-0.0204,-0.0266,-0.9694,0.008,0.000,0.008,0.0000,0.0000,0.0000
RTLS,v3,760137,241,4,2,3073,-86,-87.9,315.71,3,3031,-91,-92.6,243.85,4,3871,-82,-85.2,421.62,5,1370,-89,-91.8,176.96
RTLS,v3,1128504,240,4,2,4007,-83,-85.4,320.06,3,4030,-92,-93.7,287.01,4,3899,-79,-80.3,500.58,5,1919,-92,-96.7,131.10,IMU,0,0.2431,-0.0203,-0.0266,-0.9694,0.008,0.000,-0.031,0.0000,0.0000,0.0000
RTLS,v3,760433,241,4,2,3031,-86,-88.7,202.96,3,3050,-90,-92.7,245.08,4,3927,-81,-84.5,365.04,5,1384,-89,-91.9,148.97
RTLS,v3,1128785,240,4,2,3960,-83,-85.9,257.37,3,4072,-92,-92.9,233.54,4,3927,-81,-83.4,369.98,5,1966,-92,-95.9,109.30,IMU,0,0.2431,-0.0202,-0.0267,-0.9694,0.000,0.000,0.016,0.0000,0.0000,0.0000
RTLS,v3,1129066,240,4,2,4002,-83,-85.0,343.06,3,4021,-92,-93.3,302.56,4,3950,-81,-83.8,409.44,5,1919,-92,-96.1,99.71,IMU,0,0.2431,-0.0202,-0.0267,-0.9694,0.008,0.000,0.008,0.0000,0.0000,0.0000
RTLS,v3,760946,241,4,2,3026,-86,-88.6,343.96,3,3059,-91,-92.5,279.91,4,3894,-80,-83.4,312.19,5,1361,-89,-92.2,183.45
RTLS,v3,761071,241,4,2,3021,-87,-89.4,278.62,3,3045,-91,-92.2,249.37,4,3927,-88,-89.0,246.81,5,1408,-89,-91.9,205.80
RTLS,v3,761196,241,4,2,3017,-87,-89.6,220.11,3,3087,-90,-92.8,224.27,4,3922,-81,-83.3,380.27,5,1379,-89,-91.8,160.44
RTLS,v3,761364,241,3,3,3031,-91,-92.4,237.17,4,3875,-81,-83.6,418.17,5,1398,-89,-92.3,206.20
RTLS,v3,761489,241,4,2,3031,-86,-88.4,269.52,3,3078,-91,-92.3,230.36,4,3819,-81,-83.3,394.98,5,1403,-89,-91.8,219.52
RTLS,v3,1129846,240,4,2,3993,-85,-87.3,305.20,3,3993,-92,-92.9,215.52,4,3955,-79,-81.9,329.52,5,1895,-92,-96.1,127.25,IMU,0,0.2431,-0.0200,-0.0267,-0.9694,0.008,0.039,-0.031,0.0000,0.0000,0.0000
RTLS,v3,761726,241,4,2,3007,-86,-88.1,313.59,3,3115,-91,-92.5,213.16,4,3889,-81,-84.7,330.52,5,1290,-89,-91.5,231.50
RTLS,v3,761851,241,4,2,3031,-86,-87.9,335.35,3,3050,-91,-93.1,242.77,4,3866,-81,-83.6,364.81,5,1398,-90,-92.9,209.21
RTLS,v3,761976,241,4,2,3012,-86,-88.4,283.98,3,2993,-91,-92.4,240.64,4,3880,-81,-83.5,372.92,5,1403,-89,-92.1,192.27
RTLS,v3,762127,241,3,2,3012,-87,-88.7,252.50,3,3073,-91,-92.2,291.36,5,1370,-89,-92.3,141.13
RTLS,v3,762253,241,4,2,3003,-86,-88.1,350.02,3,3059,-91,-93.0,259.18,4,3885,-80,-83.3,324.52,5,1323,-89,-92.1,161.68
RTLS,v3,1130604,240,4,2,3974,-84,-85.7,378.66,3,4016,-92,-93.6,252.00,4,3974,-80,-82.5,395.50,5,1952,-92,-96.6,144.45,IMU,0,0.2431,-0.0202,-0.0268,-0.9694,0.000,-0.039,-0.031,0.0000,0.0000,0.0000
RTLS,v3,762484,241,4,2,3036,-86,-88.8,246.37,3,3007,-91,-92.5,287.62,4,3913,-80,-83.1,480.67,5,1375,-89,-91.8,205.93
RTLS,v3,762609,241,4,2,3031,-86,-88.0,314.98,3,3097,-91,-92.4,261.58,4,3885,-80,-84.0,369.77,5,1403,-89,-92.3,234.23
RTLS,v3,762734,241,4,2,3007,-86,-88.3,315.22,3,3068,-90,-92.2,227.37,4,3866,-80,-84.2,307.29,5,1398,-89,-92.2,177.51
RTLS,v3,762874,241,4,2,3026,-86,-88.5,304.80,3,3092,-91,-92.6,268.46,4,3861,-80,-84.1,347.30,5,1408,-89,-91.8,220.44
RTLS,v3,763000,241,4,2,3054,-86,-88.3,317.96,3,3050,-91,-92.4,290.08,4,3875,-80,-82.9,352.63,5,1370,-89,-92.1,208.27
RTLS,v3,1131376,240,4,2,3983,-84,-87.2,364.35,3,4040,-92,-92.9,255.58,4,3932,-80,-81.1,428.50,5,1891,-92,-96.2,171.74,IMU,0,0.2431,-0.0202,-0.0268,-0.9694,0.035,0.000,0.008,0.0000,0.0000,0.0000
RTLS,v3,763255,241,4,2,3040,-86,-87.8,292.70,3,3092,-91,-92.7,246.42,4,3875,-80,-83.1,357.96,5,1412,-90,-92.7,220.88
RTLS,v3,763430,241,4,2,2989,-86,-88.0,318.61,3,3078,-91,-92.6,287.15,4,3894,-82,-85.2,382.56,5,1379,-89,-92.8,173.65
RTLS,v3,763605,241,4,2,3007,-87,-88.9,315.61,3,2984,-91,-93.2,282.92,4,3885,-80,-83.1,363.77,5,1422,-89,-92.6,151.95
RTLS,v3,763731,241,4,2,3007,-86,-88.5,329.30,3,3068,-91,-92.7,256.52,4,3880,-82,-84.7,442.07,5,1393,-89,-92.0,194.24
RTLS,v3,1132084,240,4,2,3969,-84,-86.6,330.75,3,4040,-92,-93.1,256.92,4,3955,-81,-82.9,407.65,5,1942,-92,-96.1,99.03,IMU,0,0.2431,-0.0202,-0.0267,-0.9694,0.000,0.000,0.000,0.0000,0.0000,0.0000
RTLS,v3,763963,241,4,2,3068,-87,-88.4,296.95,3,3059,-91,-92.7,229.50,4,3885,-82,-84.7,437.80,5,1412,-89,-91.9,219.84
RTLS,v3,764089,241,4,2,3031,-86,-88.5,288.25,3,3097,-91,-92.7,258.84,4,3960,-80,-82.4,419.90,5,1379,-89,-91.6,216.06
RTLS,v3,764214,241,4,2,3040,-86,-88.2,280.08,3,3125,-91,-93.1,266.51,4,3866,-81,-83.2,478.00,5,1398,-89,-92.3,233.43
RTLS,v3,764490,241,4,2,3021,-86,-88.4,299.03,3,3092,-90,-92.6,260.34,4,3904,-82,-84.6,448.02,5,1304,-89,-92.1,224.57
RTLS,v3,764615,241,4,2,3045,-86,-88.0,298.41,3,3078,-91,-93.0,261.42,4,3866,-81,-85.0,337.35,5,1398,-89,-92.1,250.96
RTLS,v3,764740,241,4,2,3026,-87,-88.9,279.56,3,2993,-90,-92.3,255.75,4,3885,-81,-83.6,378.98,5,1403,-89,-91.6,249.38
RTLS,v3,1133143,240,4,2,4011,-84,-85.7,347.31,3,4058,-92,-93.3,257.32,4,3974,-80,-81.5,476.69,5,1933,-92,-95.9,126.98,IMU,0,0.2431,-0.0203,-0.0267,-0.9694,0.008,0.000,0.008,0.0000,0.0000,0.0000
RTLS,v3,765022,241,4,2,3012,-86,-88.2,298.43,3,3073,-91,-92.1,260.40,4,3847,-81,-82.9,421.33,5,1379,-89,-92.2,138.12
RTLS,v3,765148,241,4,2,3031,-87,-88.8,347.39,3,3036,-91,-92.4,248.81,4,3918,-81,-83.3,398.80,5,1389,-89,-91.5,200.44
RTLS,v3,765273,241,4,2,3017,-87,-88.6,263.41,3,3031,-91,-93.0,265.90,4,3875,-80,-83.2,403.40,5,1398,-89,-91.8,193.03
RTLS,v3,765398,241,4,2,3040,-86,-88.4,338.91,3,3031,-91,-92.5,266.58,4,3904,-81,-83.0,344.96,5,1464,-90,-92.6,222.47
RTLS,v3,1133803,240,4,2,3974,-84,-86.7,337.12,3,4143,-92,-92.9,273.60,4,3941,-80,-81.4,437.90,5,1928,-92,-96.1,103.36,IMU,0,0.2431,-0.0203,-0.0267,-0.9694,0.000,-0.031,0.008,0.0000,0.0000,0.0000
RTLS,v3,765683,241,4,2,2951,-86,-88.3,288.68,3,3106,-90,-92.0,248.32,4,3885,-81,-85.5,317.13,5,1379,-89,-91.5,199.20
RTLS,v3,765809,241,4,2,3026,-87,-88.8,277.41,3,2993,-91,-92.8,271.67,4,3885,-82,-86.2,397.36,5,1473,-89,-91.8,249.30
RTLS,v3,765960,241,3,3,3078,-90,-92.4,227.22,4,3791,-81,-83.4,386.08,5,1375,-89,-92.4,134.58
RTLS,v3,1134315,240,4,2,3979,-83,-85.7,340.73,3,4030,-92,-92.7,231.85,4,3889,-81,-83.5,396.30,5,1956,-92,-96.0,135.76,IMU,0,0.2431,-0.0203,-0.0266,-0.9694,0.000,0.008,0.008,0.0000,0.0000,0.0000
RTLS,v3,766194,241,4,2,2928,-86,-88.0,298.67,3,3040,-91,-92.5,265.71,4,3899,-82,-84.3,399.81,5,1384,-89,-91.7,173.98
RTLS,v3,766369,241,4,2,3012,-86,-88.1,305.97,3,3115,-90,-92.0,309.36,4,3857,-82,-84.8,396.35,5,1384,-89,-92.3,187.96
RTLS,v3,1134723,240,4,2,3979,-83,-85.5,335.04,3,4068,-92,-92.7,243.38,4,4035,-80,-82.6,401.88,5,1956,-92,-96.6,97.12,IMU,0,0.2431,-0.0204,-0.0266,-0.9694,0.000,-0.039,0.008,0.0000,0.0000,0.0000
RTLS,v3,766652,241,4,2,3040,-86,-88.3,331.44,3,3054,-91,-93.3,256.40,4,3908,-81,-84.4,438.91,5,1398,-89,-92.3,196.64
RTLS,v3,766778,241,4,2,3031,-86,-87.7,279.57,3,3143,-91,-92.6,264.65,4,3814,-82,-84.1,358.16,5,1384,-89,-92.1,195.68
RTLS,v3,767139,241,4,2,3068,-87,-88.8,299.97,3,3073,-91,-92.8,283.50,4,3889,-81,-84.0,428.82,5,1436,-89,-92.9,156.90
RTLS,v3,767264,241,4,2,3026,-87,-88.6,332.28,3,3068,-90,-92.1,260.30,4,3936,-82,-84.6,442.93,5,1379,-89,-92.7,170.32
RTLS,v3,767415,241,3,3,3007,-91,-92.6,267.14,4,3885,-81,-83.4,375.11,5,1384,-89,-92.1,146.70
RTLS,v3,767540,241,4,2,3026,-87,-89.2,335.50,3,3078,-91,-92.3,217.52,4,3927,-80,-82.3,405.73,5,1389,-89,-92.3,142.74
RTLS,v3,1136093,240,4,2,4007,-83,-85.2,327.23,3,4044,-92,-93.3,270.83,4,3833,-79,-81.1,376.46,5,1956,-92,-96.5,188.56,IMU,0,0.2431,-0.0202,-0.0267,-0.9694,0.008,0.000,0.000,0.0000,0.0000,0.0000
RTLS,v3,767973,241,4,2,3059,-86,-88.1,309.18,3,3087,-91,-93.0,270.72,4,3899,-81,-84.4,376.25,5,1351,-89,-92.1,206.77
RTLS,v3,768098,241,4,2,3003,-86,-88.9,268.73,3,3068,-90,-92.3,262.70,4,3875,-81,-84.5,518.03,5,1379,-89,-92.1,222.86
RTLS,v3,768223,241,4,2,3007,-87,-88.8,285.18,3,3068,-90,-92.2,258.09,4,3861,-82,-86.3,389.65,5,1379,-89,-91.9,206.94
RTLS,v3,768374,241,3,3,3068,-90,-92.3,276.50,4,3918,-80,-82.3,368.12,5,1361,-89,-92.1,186.97
RTLS,v3,768499,241,4,2,3054,-87,-88.7,298.91,3,3036,-91,-92.6,275.33,4,3871,-80,-83.3,407.75,5,1276,-89,-93.1,150.36
RTLS,v3,768650,241,3,3,3082,-91,-92.5,284.71,4,3913,-80,-82.5,447.60,5,1384,-89,-92.0,197.60
RTLS,v3,1137002,240,4,2,3974,-84,-85.8,358.02,3,4049,-91,-92.9,308.05,4,3927,-79,-80.3,386.91,5,1952,-92,-96.1,137.76,IMU,0,0.2431,-0.0201,-0.0266,-0.9694,0.000,0.000,0.000,0.0000,0.0000,0.0000
RTLS,v3,768881,241,4,2,3036,-86,-88.3,300.43,3,3050,-91,-92.3,271.16,4,3894,-81,-82.9,477.67,5,1459,-90,-93.0,153.60
RTLS,v3,769007,241,4,2,3021,-86,-88.6,227.51,3,3068,-91,-93.5,199.57,4,3988,-81,-83.5,360.54,5,1408,-89,-92.8,148.82
RTLS,v3,769132,241,4,2,3012,-86,-88.2,271.88,3,3125,-91,-92.5,257.88,4,3904,-80,-83.7,313.35,5,1384,-89,-92.5,216.38
RTLS,v3,769271,241,4,2,3026,-86,-88.6,341.98,3,3064,-90,-92.0,261.67,4,3838,-81,-83.4,376.70,5,1389,-89,-92.0,132.30
RTLS,v3,769446,241,4,2,3026,-86,-87.6,272.92,3,3078,-91,-93.2,235.33,4,3889,-81,-83.8,450.23,5,1412,-89,-92.7,131.73
RTLS,v3,1137803,240,4,2,3988,-83,-85.0,358.56,3,4049,-91,-92.7,215.20,4,3941,-79,-80.2,482.47,5,1924,-92,-95.7,145.73,IMU,0,0.2431,-0.0203,-0.0266,-0.9694,0.035,0.047,0.008,0.0000,0.0000,0.0000
RTLS,v3,769731,241,4,2,2998,-86,-88.6,355.29,3,3073,-91,-92.8,282.66,4,3871,-81,-83.5,537.09,5,1393,-89,-92.0,220.88
RTLS,v3,769883,241,3,3,3101,-90,-92.5,257.48,4,3899,-82,-86.1,345.38,5,1408,-89,-92.0,149.67
RTLS,v3,770008,241,4,2,3012,-86,-88.2,295.77,3,3078,-91,-92.6,288.12,4,3904,-82,-84.8,338.23,5,1454,-89,-92.6,203.11
RTLS,v3,1138361,240,4,2,3946,-84,-86.8,301.69,3,4040,-92,-92.8,260.75,4,3941,-80,-81.5,420.83,5,1956,-92,-96.0,132.47,IMU,0,0.2431,-0.0203,-0.0266,-0.9694,0.000,-0.031,-0.031,0.0000,0.0000,0.0000
RTLS,v3,770366,241,4,2,3017,-86,-88.6,332.07,3,3017,-91,-92.4,246.46,4,3908,-82,-85.2,331.05,5,1389,-89,-92.0,218.50
RTLS,v3,770491,241,4,2,3026,-86,-88.6,286.72,3,3054,-91,-92.5,264.36,4,3904,-80,-82.2,316.40,5,1403,-89,-92.2,217.49
RTLS,v3,1138843,240,4,2,4035,-84,-85.7,345.33,3,4063,-92,-92.7,266.03,4,3922,-81,-83.3,412.88,5,1933,-92,-95.9,156.42,IMU,0,0.2431,-0.0204,-0.0266,-0.9694,0.035,0.000,0.008,0.0000,0.0000,0.0000
RTLS,v3,770723,241,4,2,3021,-86,-87.8,277.40,3,3073,-91,-92.8,253.54,4,3875,-81,-85.2,322.27,5,1436,-90,-93.1,210.09
RTLS,v3,770862,241,4,2,3007,-86,-87.9,282.27,3,3031,-91,-92.6,245.21,4,3857,-81,-84.4,350.09,5,1408,-89,-92.6,165.91
RTLS,v3,770988,241,4,2,3040,-86,-88.5,300.75,3,3087,-90,-92.4,264.02,4,3899,-81,-83.2,404.86,5,1389,-89,-91.8,219.38
RTLS,v3,1139341,240,4,2,3983,-85,-88.1,314.78,3,4133,-92,-93.4,247.70,4,3936,-78,-80.0,430.58,5,1919,-92,-96.2,131.64,IMU,0,0.2431,-0.0203,-0.0267,-0.9694,0.000,0.000,0.039,0.0000,0.0000,0.0000
RTLS,v3,771221,241,4,2,3036,-85,-87.5,307.59,3,3059,-91,-92.5,275.57,4,3857,-80,-82.3,367.27,5,1398,-89,-92.1,219.12
RTLS,v3,771363,241,4,2,2970,-86,-88.3,338.56,3,3068,-91,-93.0,239.40,4,3936,-81,-83.4,407.05,5,1389,-89,-91.9,203.94
RTLS,v3,771489,241,4,2,3064,-87,-88.8,281.10,3,3134,-91,-92.2,263.28,4,3796,-82,-85.5,344.67,5,1403,-89,-91.6,192.28
RTLS,v3,1139842,240,4,2,4007,-85,-87.4,350.64,3,4110,-92,-92.8,280.44,4,3993,-81,-83.3,462.34,5,1933,-92,-95.8,140.91,IMU,0,0.2431,-0.0203,-0.0267,-0.9694,0.000,0.000,0.008,0.0000,0.0000,0.0000
RTLS,v3,771721,241,4,2,2951,-86,-87.8,279.45,3,3050,-91,-92.6,239.99,4,3927,-81,-83.8,404.15,5,1412,-89,-92.9,187.73
RTLS,v3,771864,241,4,2,3003,-86,-88.6,279.81,3,3054,-91,-92.6,249.95,4,3899,-81,-85.3,359.64,5,1398,-90,-92.9,140.62
RTLS,v3,771990,241,4,2,3017,-87,-88.9,314.50,3,3068,-91,-93.0,233.72,4,3875,-80,-82.5,381.77,5,1403,-89,-92.1,169.51
RTLS,v3,772140,241,3,3,3040,-90,-92.2,265.38,4,3866,-81,-83.8,384.75,5,1370,-89,-92.6,172.99
RTLS,v3,772292,241,3,3,3082,-91,-92.6,288.14,4,3885,-81,-83.7,385.09,5,1403,-89,-93.0,141.86
RTLS,v3,772445,241,3,3,3064,-91,-92.8,308.27,4,3875,-81,-82.8,413.45,5,1393,-89,-92.3,168.32
RTLS,v3,772598,241,3,3,3125,-91,-92.9,269.17,4,3838,-81,-83.5,395.41,5,1375,-89,-92.4,134.45
RTLS,v3,1140981,240,3,2,3979,-85,-88.3,279.23,3,4063,-92,-93.3,252.24,4,3974,-82,-84.1,419.35,IMU,0,0.2431,-0.0204,-0.0267,-0.9694,-0.039,0.000,-0.039,0.0000,0.0000,0.0000
RTLS,v3,772861,241,4,2,3012,-86,-88.1,328.81,3,3054,-91,-92.6,277.81,4,3918,-81,-84.2,378.80,5,1375,-89,-91.9,187.15
RTLS,v3,772986,241,4,2,3040,-86,-88.7,269.55,3,3031,-90,-92.0,288.52,4,3899,-81,-83.8,392.02,5,1356,-89,-92.3,130.43
RTLS,v3,773111,241,4,2,3045,-86,-88.6,250.14,3,3045,-91,-92.9,284.44,4,3889,-81,-84.1,369.62,5,1379,-89,-92.0,231.40
RTLS,v3,773236,241,4,2,3003,-86,-88.8,251.22,3,2989,-91,-93.2,265.62,4,3880,-82,-85.3,337.07,5,1384,-89,-92.0,209.20
RTLS,v3,1141592,240,4,2,3974,-84,-85.6,343.85,3,4058,-92,-93.2,275.37,4,3965,-80,-82.6,443.30,5,1994,-92,-96.8,102.63,IMU,0,0.2431,-0.0205,-0.0267,-0.9694,-0.008,0.008,0.008,0.0000,0.0000,0.0000
RTLS,v3,773482,241,4,2,3040,-85,-87.9,326.04,3,3040,-91,-93.1,244.62,4,3871,-80,-82.5,380.45,5,1422,-89,-92.3,129.14
RTLS,v3,773608,241,4,2,3003,-86,-88.4,284.62,3,3078,-91,-92.3,240.49,4,3941,-80,-83.9,320.73,5,1417,-89,-92.0,164.10
RTLS,v3,773733,241,4,2,3021,-86,-88.2,272.93,3,3106,-91,-92.4,251.09,4,3880,-81,-83.4,407.52,5,1403,-89,-91.5,207.23
RTLS,v3,773858,241,4,2,3036,-86,-88.5,327.50,3,3068,-91,-92.6,247.72,4,3894,-81,-83.8,390.58,5,1398,-89,-92.1,226.32
RTLS,v3,774091,241,4,2,3017,-87,-88.7,255.30,3,3092,-90,-92.2,261.26,4,3880,-81,-84.2,400.79,5,1389,-89,-92.3,122.90
RTLS,v3,774217,241,4,2,3003,-86,-88.2,304.41,3,3101,-91,-92.9,220.16,4,3946,-82,-86.2,439.68,5,1417,-89,-92.0,213.55
RTLS,v3,774342,241,4,2,2998,-86,-88.4,265.50,3,3064,-91,-92.6,277.16,4,3908,-81,-83.4,420.08,5,1384,-89,-92.3,207.64
RTLS,v3,774484,241,4,2,3045,-87,-88.5,310.20,3,3059,-91,-93.0,229.83,4,3871,-82,-84.3,367.29,5,1403,-89,-93.2,136.31
RTLS,v3,1142841,240,4,2,3955,-83,-85.3,363.52,3,4044,-92,-92.8,281.13,4,3946,-81,-83.8,385.36,5,1933,-92,-96.1,166.42,IMU,0,0.2431,-0.0204,-0.0266,-0.9694,0.035,0.008,-0.039,0.0000,0.0000,0.0000
RTLS,v3,774720,241,4,2,3036,-86,-88.3,290.68,3,3064,-90,-92.0,258.88,4,3899,-81,-83.5,378.31,5,1436,-89,-92.1,206.93
RTLS,v3,774871,241,3,3,3082,-91,-92.7,231.44,4,3857,-81,-83.5,358.38,5,1412,-89,-92.2,119.65
RTLS,v3,774997,241,4,2,3040,-86,-88.4,249.99,3,3026,-91,-92.9,248.55,4,3913,-82,-85.4,389.40,5,1393,-90,-93.0,207.08
RTLS,v3,775122,241,4,2,3040,-86,-88.6,304.78,3,3073,-90,-92.0,258.21,4,3880,-80,-84.1,325.62,5,1412,-89,-92.3,174.08
RTLS,v3,775296,241,4,2,3101,-89,-89.3,294.01,3,3073,-91,-93.2,231.62,4,3904,-81,-83.7,424.80,5,1426,-89,-91.8,230.08
RTLS,v3,1143651,240,4,2,3936,-84,-86.0,370.87,3,4049,-92,-93.2,219.46,4,3974,-80,-81.6,376.04,5,1966,-92,-96.3,97.02,IMU,0,0.2431,-0.0204,-0.0266,-0.9694,0.000,0.008,-0.031,0.0000,0.0000,0.0000
RTLS,v3,775579,241,4,2,3031,-87,-89.1,315.69,3,3111,-91,-92.4,253.60,4,3857,-82,-85.6,390.02,5,1417,-89,-92.2,139.87
RTLS,v3,775705,241,4,2,3040,-86,-88.5,271.78,3,3082,-91,-92.6,270.35,4,3861,-82,-85.2,413.04,5,1403,-89,-91.5,237.89
RTLS,v3,775830,241,4,2,3031,-93,-93.7,94.47,3,3003,-90,-92.1,242.93,4,3880,-81,-83.3,395.52,5,1408,-89,-91.9,205.16
RTLS,v3,775955,241,4,2,3050,-86,-89.1,238.62,3,2989,-91,-92.5,274.61,4,3908,-82,-84.6,381.77,5,1403,-89,-92.6,193.86
RTLS,v3,1144360,240,4,2,3997,-85,-88.1,360.73,3,4030,-92,-93.0,215.61,4,3927,-81,-84.0,381.40,5,1952,-92,-96.2,178.16,IMU,0,0.2431,-0.0204,-0.0265,-0.9694,0.000,-0.031,0.008,0.0000,0.0000,0.0000
RTLS,v3,776240,241,4,2,3045,-86,-88.6,298.29,3,3073,-90,-92.6,283.27,4,3899,-82,-86.3,371.11,5,1393,-89,-92.7,208.82
RTLS,v3,776390,241,3,3,3078,-91,-92.3,289.42,4,3810,-80,-83.1,350.71,5,1393,-89,-92.7,194.64
RTLS,v3,776516,241,4,2,3026,-86,-88.4,303.18,3,3073,-90,-92.2,281.38,4,3904,-81,-83.5,414.75,5,1431,-89,-93.0,193.23
RTLS,v3,1144918,240,4,2,4011,-83,-84.9,338.96,3,4072,-92,-92.7,233.83,4,3922,-80,-81.9,465.48,5,1956,-92,-96.1,172.86,IMU,0,0.2431,-0.0204,-0.0266,-0.9694,0.000,0.000,0.000,0.0000,0.0000,0.0000
RTLS,v3,776797,241,4,2,3026,-87,-89.2,301.14,3,3087,-90,-92.1,275.19,4,3833,-80,-83.1,403.48,5,1408,-89,-92.2,178.97
RTLS,v3,777030,241,4,2,3012,-86,-88.4,280.64,3,3031,-91,-92.7,271.90,4,3908,-81,-83.2,434.85,5,1384,-89,-92.0,189.65
RTLS,v3,777182,241,3,3,3068,-91,-93.1,249.14,4,3936,-81,-83.2,397.93,5,1417,-89,-92.3,159.76
RTLS,v3,1145539,240,4,2,3927,-84,-86.3,302.45,3,4068,-91,-92.8,259.09,4,3922,-79,-80.9,454.92,5,1956,-92,-96.7,145.05,IMU,0,0.2431,-0.0203,-0.0267,-0.9694,0.000,0.000,0.008,0.0000,0.0000,0.0000
RTLS,v3,777419,241,4,2,3017,-86,-88.1,329.42,3,3073,-91,-92.6,262.41,4,3875,-82,-85.4,410.31,5,1393,-89,-91.9,189.54
RTLS,v3,777544,241,4,2,3040,-86,-88.9,228.55,3,3082,-91,-93.4,203.84,4,3871,-80,-83.0,363.96,5,1384,-89,-91.8,201.79
RTLS,v3,1145899,240,4,2,3983,-84,-86.7,369.54,3,4058,-92,-93.0,228.32,4,3936,-80,-81.8,460.77,5,1919,-92,-96.2,136.79,IMU,0,0.2431,-0.0204,-0.0266,-0.9694,0.000,0.008,-0.031,0.0000,0.0000,0.0000
RTLS,v3,777779,241,4,2,3003,-86,-88.1,291.80,3,3059,-91,-92.2,242.87,4,3899,-82,-85.6,363.70,5,1398,-89,-92.0,220.29
RTLS,v3,777904,241,4,2,3012,-87,-88.6,302.28,3,3092,-91,-92.8,267.36,4,3908,-81,-83.5,408.18,5,1393,-89,-92.2,239.80
RTLS,v3,778029,241,4,2,3003,-87,-89.0,244.34,3,3073,-91,-92.4,251.25,4,3810,-81,-83.5,370.77,5,1408,-89,-91.8,216.70
RTLS,v3,778193,241,3,3,3045,-91,-92.4,261.22,4,3871,-80,-82.3,393.16,5,1393,-89,-92.0,199.34
RTLS,v3,1146549,240,4,2,3974,-85,-87.2,399.42,3,4087,-92,-92.7,233.74,4,3950,-79,-82.3,345.60,5,1895,-92,-96.0,113.01,IMU,0,0.2431,-0.0203,-0.0267,-0.9694,0.000,0.000,-0.031,0.0000,0.0000,0.0000
RTLS,v3,778428,241,4,2,3003,-86,-88.2,287.32,3,3068,-91,-92.6,269.84,4,3955,-82,-85.4,426.10,5,1389,-89,-92.1,209.73
RTLS,v3,778602,241,4,2,2979,-86,-87.9,317.90,3,3021,-91,-92.6,267.71,4,3847,-80,-82.3,363.54,5,1398,-89,-92.5,195.15
RTLS,v3,1146959,240,4,2,3974,-85,-87.6,381.88,3,4072,-92,-93.1,218.91,4,3927,-80,-82.0,408.57,5,1956,-92,-96.6,132.48,IMU,0,0.2431,-0.0203,-0.0267,-0.9694,-0.031,0.008,0.008,0.0000,0.0000,0.0000
RTLS,v3,1147158,240,3,2,4016,-85,-86.5,322.07,4,3913,-80,-81.6,463.97,5,1938,-92,-96.1,127.27,IMU,0,0.2431,-0.0203,-0.0267,-0.9694,0.000,0.008,0.008,0.0000,0.0000,0.0000
RTLS,v3,779086,241,4,2,3073,-87,-88.7,313.43,3,3054,-90,-92.0,227.44,4,3927,-80,-82.8,441.83,5,1375,-89,-92.2,182.53
RTLS,v3,1147440,240,4,2,4002,-84,-85.7,396.07,3,4044,-92,-93.0,258.12,4,3922,-80,-82.1,388.67,5,1956,-92,-96.8,133.04,IMU,0,0.2431,-0.0203,-0.0266,-0.9694,0.000,0.047,0.047,0.0000,0.0000,0.0000
RTLS,v3,779319,241,4,2,3040,-86,-88.5,288.88,3,3068,-91,-93.1,239.05,4,3885,-82,-84.8,299.28,5,1412,-89,-91.9,209.61
RTLS,v3,779445,241,4,2,3031,-86,-88.4,267.88,3,3092,-91,-92.4,273.72,4,3908,-82,-85.3,326.03,5,1361,-89,-92.4,198.68
RTLS,v3,779595,241,3,3,3021,-91,-92.9,241.43,4,3904,-82,-85.0,393.73,5,1408,-89,-92.0,180.91
RTLS,v3,1147948,240,4,2,3979,-83,-85.5,354.62,3,4040,-92,-93.8,280.56,4,3965,-80,-81.7,553.97,5,1938,-92,-96.4,112.18,IMU,0,0.2431,-0.0203,-0.0267,-0.9694,0.000,0.000,0.008,0.0000,0.0000,0.0000
RTLS,v3,779954,241,4,2,3026,-86,-88.7,266.62,3,3050,-90,-92.0,258.31,4,3885,-81,-84.7,382.12,5,1393,-89,-91.7,235.14
RTLS,v3,780079,241,4,2,3017,-86,-88.1,295.53,3,3092,-91,-93.0,236.97,4,3927,-81,-83.3,360.85,5,1398,-89,-91.9,178.59
RTLS,v3,780226,241,4,2,3036,-86,-88.8,238.08,3,3045,-91,-92.5,233.50,4,3866,-81,-83.8,409.77,5,1384,-89,-92.3,159.74
RTLS,v3,1148579,240,4,2,3974,-83,-85.6,398.98,3,4040,-91,-92.5,292.63,4,3974,-79,-80.7,440.50,5,1933,-92,-96.0,147.58,IMU,0,0.2431,-0.0203,-0.0267,-0.9694,0.000,0.047,0.008,0.0000,0.0000,0.0000
RTLS,v3,780458,241,4,2,3040,-86,-88.8,286.05,3,3073,-91,-93.1,263.00,4,3889,-80,-83.7,392.38,5,1412,-90,-93.0,165.15
RTLS,v3,780584,241,4,2,3031,-87,-88.6,261.21,3,3097,-91,-92.8,249.29,4,3889,-81,-84.6,407.50,5,1370,-89,-92.4,234.34
RTLS,v3,780727,241,4,2,2998,-86,-88.2,278.22,3,2989,-91,-92.5,323.20,4,3889,-80,-83.3,306.46,5,1403,-89,-91.9,193.29
RTLS,v3,780853,241,4,2,3003,-86,-88.1,213.14,3,3050,-91,-93.1,257.30,4,3922,-82,-84.4,408.29,5,1389,-89,-92.0,212.24
RTLS,v3,1149209,240,4,2,4007,-85,-87.4,365.50,3,4063,-92,-93.2,257.04,4,3927,-80,-81.4,402.98,5,1947,-92,-96.8,100.32,IMU,0,0.2431,-0.0206,-0.0266,-0.9694,-0.008,0.008,-0.031,0.0000,-0.0039,0.0020
RTLS,v3,781088,241,4,2,3026,-86,-88.2,302.82,3,3101,-91,-93.5,224.26,4,3946,-81,-83.2,374.40,5,1408,-89,-92.4,220.69
RTLS,v3,781228,241,4,2,3007,-86,-88.7,229.19,3,3050,-91,-92.6,280.03,4,3880,-81,-83.8,380.60,5,1393,-89,-92.3,195.49
RTLS,v3,781354,241,4,2,2993,-86,-87.5,334.58,3,3078,-91,-92.6,234.39,4,3908,-81,-84.0,390.45,5,1393,-89,-92.5,146.67
RTLS,v3,1149708,240,4,2,4021,-84,-87.0,306.15,3,4011,-92,-93.1,236.69,4,3936,-79,-80.4,498.44,5,1933,-92,-96.4,167.60,IMU,0,0.2430,-0.0205,-0.0264,-0.9694,0.066,0.016,-0.031,-0.0020,0.0059,0.0020
RTLS,v3,781588,241,4,2,3026,-86,-88.3,279.40,3,3059,-90,-92.1,273.69,4,3904,-80,-83.1,343.77,5,1384,-89,-92.2,212.99
RTLS,v3,781729,241,4,2,3036,-87,-89.3,318.98,3,3078,-91,-92.3,231.71,4,3871,-82,-84.3,403.25,5,1370,-90,-92.7,206.59
RTLS,v3,781904,241,4,2,3031,-87,-88.5,359.23,3,3064,-90,-92.1,273.00,4,3857,-81,-83.1,427.45,5,1403,-89,-91.6,229.69
RTLS,v3,1150277,240,4,2,3993,-83,-86.0,341.83,3,4077,-91,-93.0,229.10,4,3908,-81,-83.9,411.06,5,1900,-92,-96.1,146.08,IMU,0,0.2430,-0.0203,-0.0266,-0.9694,-0.031,0.039,0.047,0.0000,0.0000,0.0000
RTLS,v3,782206,241,4,2,3026,-87,-89.3,313.41,3,3082,-91,-92.8,204.04,4,3908,-81,-85.0,354.15,5,1370,-89,-92.1,202.75
RTLS,v3,782358,241,3,3,3068,-91,-93.6,235.80,4,3932,-80,-83.3,391.25,5,1412,-89,-92.1,171.35
RTLS,v3,782483,241,4,2,3012,-87,-89.2,315.23,3,3040,-91,-93.2,253.51,4,3904,-81,-83.4,428.43,5,1389,-89,-92.1,250.86
RTLS,v3,1151068,240,4,2,3941,-83,-85.2,396.98,3,4082,-92,-92.9,257.06,4,3969,-81,-83.0,450.05,5,1947,-92,-96.2,99.69,IMU,0,0.2430,-0.0202,-0.0267,-0.9694,0.000,0.008,0.008,0.0000,0.0000,0.0000
RTLS,v3,782948,241,4,2,3021,-86,-89.0,220.65,3,3050,-91,-92.9,241.77,4,3871,-81,-83.5,353.96,5,1398,-89,-91.9,197.74
RTLS,v3,783073,241,4,2,3059,-87,-89.1,277.71,3,3087,-91,-92.0,249.31,4,3904,-81,-83.5,403.52,5,1408,-89,-92.8,191.07
RTLS,v3,783198,241,4,2,2998,-86,-88.5,249.60,3,3087,-91,-92.5,284.91,4,3880,-81,-83.8,312.64,5,1408,-89,-91.9,196.37
RTLS,v3,783356,241,3,3,3054,-91,-92.2,261.31,4,3796,-81,-84.1,495.60,5,1393,-89,-92.8,217.59
RTLS,v3,783481,241,4,2,3003,-87,-89.3,196.94,3,3082,-91,-93.3,289.91,4,3904,-81,-84.2,382.12,5,1389,-89,-91.7,227.65
RTLS,v3,783606,241,4,2,3059,-85,-87.8,354.04,3,3059,-91,-93.2,343.16,4,3889,-82,-86.3,337.09,5,1389,-89,-92.3,177.12
RTLS,v3,783731,241,4,2,3021,-86,-88.3,302.18,3,3059,-91,-92.5,236.85,4,3847,-80,-84.2,349.05,5,1459,-89,-91.9,180.47
RTLS,v3,783856,241,4,2,3031,-86,-88.0,327.81,3,3087,-91,-92.7,241.10,4,3932,-82,-84.9,421.19,5,1356,-89,-92.3,157.84
RTLS,v3,784006,241,3,3,2998,-91,-92.3,284.60,4,3894,-81,-83.1,418.55,5,1422,-89,-92.4,148.54
RTLS,v3,784132,241,4,2,3031,-87,-89.1,294.41,3,3087,-91,-92.2,290.20,4,3936,-81,-83.5,381.36,5,1398,-89,-92.1,211.25
RTLS,v3,1152485,240,4,2,3988,-84,-86.2,377.54,3,4082,-92,-92.9,236.04,4,3913,-80,-82.2,526.69,5,1971,-92,-96.4,133.06,IMU,0,0.2430,-0.0204,-0.0267,-0.9694,0.008,0.000,0.008,0.0020,-0.0098,0.0000
RTLS,v3,784365,241,4,2,3026,-86,-88.1,269.98,3,3073,-91,-92.5,247.89,4,3946,-81,-83.2,434.52,5,1375,-89,-91.9,186.57
RTLS,v3,784490,241,4,2,2998,-86,-88.1,281.25,3,3167,-90,-92.8,170.30,4,3857,-82,-84.7,388.60,5,1417,-89,-92.5,186.72
RTLS,v3,784641,241,3,3,3092,-90,-92.2,273.93,4,3871,-81,-83.8,409.40,5,1412,-89,-92.8,154.13
RTLS,v3,1152997,240,4,2,3969,-84,-85.8,280.83,3,4035,-92,-93.6,279.29,4,3950,-80,-81.0,428.23,5,1933,-92,-96.1,145.57,IMU,0,0.2430,-0.0201,-0.0267,-0.9694,0.008,0.039,0.008,0.0000,0.0020,0.0000
RTLS,v3,784876,241,4,2,3017,-86,-87.8,298.68,3,3082,-91,-92.4,267.63,4,3932,-80,-82.5,431.55,5,1375,-89,-91.8,208.61
RTLS,v3,785051,241,4,2,2956,-86,-88.6,344.98,3,3068,-91,-93.0,231.77,4,3885,-80,-83.1,430.25,5,1412,-89,-91.9,233.37
RTLS,v3,1153456,240,4,2,4026,-83,-86.0,385.18,3,4058,-91,-92.8,250.32,4,3946,-79,-81.3,474.75,5,1914,-92,-96.3,149.78,IMU,0,0.2431,-0.0200,-0.0267,-0.9694,0.016,0.000,0.008,0.0000,-0.0039,-0.0020
RTLS,v3,785403,241,4,2,3064,-86,-88.2,330.33,3,3068,-90,-92.1,245.28,4,3861,-82,-85.3,319.45,5,1422,-89,-92.1,169.05
RTLS,v3,1153808,240,4,2,3950,-84,-87.1,286.10,3,4016,-92,-93.2,257.19,4,3988,-81,-82.2,422.27,5,1956,-92,-96.4,160.15,IMU,0,0.2430,-0.0201,-0.0267,-0.9694,0.008,0.039,0.008,0.0020,0.0000,-0.0020
RTLS,v3,785687,241,4,2,3017,-87,-88.9,355.77,3,3092,-91,-92.7,261.92,4,3913,-80,-83.2,399.84,5,1323,-89,-92.3,164.46
RTLS,v3,785838,241,3,3,3073,-91,-92.6,257.25,4,3913,-81,-84.0,421.73,5,1384,-89,-92.1,144.88
RTLS,v3,785964,241,4,2,3031,-85,-87.7,288.27,3,3064,-91,-92.8,292.91,4,3885,-81,-84.5,400.17,5,1379,-90,-92.9,99.56
RTLS,v3,1154316,240,4,2,4002,-84,-85.9,352.90,3,4035,-92,-93.0,254.71,4,3988,-80,-82.6,515.67,5,1956,-92,-96.2,183.41,IMU,0,0.2429,-0.0201,-0.0267,-0.9695,0.000,0.000,-0.031,0.0000,0.0000,0.0000
RTLS,v3,786196,241,4,2,3012,-86,-88.4,281.55,3,3068,-90,-92.6,231.82,4,3894,-82,-85.2,342.82,5,1342,-89,-91.8,222.49
RTLS,v3,786321,241,4,2,3050,-86,-88.8,232.43,3,3064,-91,-93.2,243.94,4,3927,-81,-84.3,392.86,5,1426,-89,-92.3,168.86
RTLS,v3,786460,241,4,2,3036,-86,-88.5,294.27,3,3064,-91,-92.6,252.12,4,3880,-81,-83.9,366.19,5,1417,-89,-91.6,184.98
RTLS,v3,1154816,240,4,2,4007,-84,-85.9,348.42,3,4054,-92,-92.7,247.15,4,3946,-80,-81.8,424.85,5,1924,-92,-96.7,135.48,IMU,0,0.2429,-0.0202,-0.0267,-0.9695,0.000,0.000,-0.031,0.0000,0.0000,0.0000
RTLS,v3,786696,241,4,2,3007,-87,-89.2,216.59,3,3064,-90,-91.9,243.79,4,3894,-81,-83.4,403.38,5,1440,-89,-91.9,192.99
RTLS,v3,786821,241,4,2,3031,-86,-88.4,340.89,3,3045,-91,-93.3,245.86,4,3932,-81,-83.2,424.65,5,1393,-89,-92.0,218.00
RTLS,v3,786961,241,4,2,3026,-86,-88.2,314.27,3,3064,-90,-92.1,207.29,4,3866,-81,-84.3,349.27,5,1422,-89,-92.8,237.07
RTLS,v3,1155316,240,4,2,3983,-83,-86.5,301.31,3,4077,-91,-92.5,294.02,4,3979,-80,-81.6,534.88,5,1928,-92,-96.1,133.73,IMU,0,0.2429,-0.0203,-0.0267,-0.9695,0.000,0.000,0.008,0.0000,0.0000,0.0000
RTLS,v3,787195,241,4,2,2998,-86,-88.4,285.73,3,3050,-90,-92.6,261.91,4,3866,-81,-85.2,349.75,5,1398,-89,-92.4,162.53
RTLS,v3,787321,241,4,2,3036,-86,-88.9,264.39,3,3017,-90,-92.2,235.39,4,3908,-82,-84.7,484.08,5,1370,-89,-92.4,142.38
RTLS,v3,787462,241,4,2,3026,-87,-88.9,272.83,3,3129,-91,-92.2,276.88,4,3908,-81,-83.6,378.21,5,1375,-89,-92.7,197.53
RTLS,v3,1155816,240,4,2,3988,-84,-85.8,355.63,3,4054,-92,-92.7,259.05,4,3941,-80,-81.9,446.38,5,1928,-92,-96.2,141.61,IMU,0,0.2429,-0.0203,-0.0267,-0.9695,0.000,0.008,0.008,0.0000,0.0000,0.0000
RTLS,v3,787696,241,4,2,2965,-86,-88.2,316.77,3,3073,-91,-92.6,262.07,4,3899,-80,-82.3,419.33,5,1403,-89,-92.1,198.75
RTLS,v3,787821,241,4,2,3031,-87,-88.9,375.81,3,3050,-91,-93.3,241.18,4,3880,-81,-84.6,304.17,5,1398,-89,-92.2,170.38
RTLS,v3,787963,241,4,2,3007,-86,-89.0,253.88,3,3040,-91,-92.5,267.54,4,3852,-81,-84.2,340.88,5,1393,-89,-91.8,252.04
RTLS,v3,788115,241,3,3,3064,-91,-93.4,215.03,4,3908,-82,-85.2,390.88,5,1403,-89,-91.7,187.74
RTLS,v3,788289,241,4,2,3007,-87,-88.4,285.18,3,3040,-91,-92.5,249.86,4,3861,-80,-83.8,351.17,5,1431,-89,-92.2,142.91
RTLS,v3,1156647,240,4,2,3988,-84,-86.7,304.12,3,4054,-92,-93.4,251.58,4,3932,-80,-81.7,383.86,5,1867,-92,-96.9,132.53,IMU,0,0.2430,-0.0200,-0.0268,-0.9694,-0.031,0.000,0.008,-0.0039,0.0039,0.0020
RTLS,v3,788575,241,4,2,3045,-87,-88.8,302.61,3,3082,-90,-92.4,252.35,4,3805,-81,-83.1,417.77,5,1389,-89,-92.0,218.13
RTLS,v3,788701,241,4,2,3012,-86,-88.9,245.99,3,3078,-91,-92.7,244.00,4,3885,-81,-84.7,297.40,5,1412,-89,-92.0,178.16
RTLS,v3,788934,241,4,2,3007,-87,-89.2,295.26,3,3078,-91,-92.7,240.75,4,3871,-81,-83.7,352.08,5,1379,-89,-91.7,182.52
RTLS,v3,789086,241,3,3,3073,-91,-92.4,249.53,4,3857,-80,-82.7,350.42,5,1370,-89,-92.1,169.95
RTLS,v3,789211,241,4,2,3040,-86,-88.3,332.55,3,3106,-91,-92.5,274.97,4,3885,-82,-85.7,373.42,5,1398,-89,-92.1,244.74
RTLS,v3,789444,241,4,2,2998,-86,-88.6,272.84,3,3092,-90,-92.3,278.34,4,3908,-82,-84.0,407.90,5,1393,-89,-92.3,217.13
RTLS,v3,1157796,240,4,2,3993,-84,-86.2,331.54,3,4049,-92,-93.0,245.21,4,3941,-80,-82.5,440.05,5,1872,-92,-96.4,166.88,IMU,0,0.2430,-0.0203,-0.0267,-0.9695,0.000,0.000,0.008,-0.0059,-0.0020,0.0000
RTLS,v3,789675,241,4,2,2998,-86,-88.2,324.86,3,3078,-91,-93.0,253.84,4,3871,-80,-82.2,401.07,5,1361,-89,-92.0,206.41
RTLS,v3,789800,241,4,2,3031,-87,-89.6,231.74,3,3050,-91,-92.2,277.69,4,3894,-81,-84.2,405.83,5,1412,-89,-92.3,201.68
RTLS,v3,789925,241,4,2,2998,-86,-88.1,313.05,3,3064,-90,-92.4,226.47,4,3875,-81,-84.2,328.12,5,1375,-89,-92.3,205.60
RTLS,v3,790065,241,4,2,2951,-87,-89.1,263.05,3,3087,-91,-93.3,225.94,4,3885,-80,-82.1,463.83,5,1412,-89,-92.0,211.59
RTLS,v3,790217,241,3,3,3101,-91,-92.5,280.17,4,3889,-82,-85.3,328.15,5,1393,-89,-91.8,208.49
RTLS,v3,790342,241,4,2,3003,-86,-88.5,249.78,3,3040,-91,-92.7,236.32,4,3932,-80,-83.7,333.81,5,1389,-89,-91.8,225.42
RTLS,v3,1158694,240,4,2,3908,-84,-86.6,358.94,3,4063,-92,-92.8,233.60,4,3955,-79,-81.0,479.36,5,1928,-92,-96.1,142.13,IMU,0,0.2430,-0.0204,-0.0265,-0.9695,0.008,0.008,-0.031,0.0000,0.0000,0.0000
RTLS,v3,790574,241,4,2,3017,-87,-89.0,257.74,3,3054,-91,-93.0,198.70,4,3922,-81,-84.3,349.17,5,1426,-89,-92.2,184.78
RTLS,v3,1158925,240,4,2,3988,-85,-87.6,321.19,3,4035,-91,-92.5,236.32,4,3941,-81,-83.7,431.82,5,1966,-92,-95.9,175.19,IMU,0,0.2430,-0.0203,-0.0264,-0.9695,0.008,0.016,-0.031,0.0000,0.0000,0.0000
RTLS,v3,790805,241,4,2,3031,-86,-87.9,279.03,3,3064,-91,-92.7,224.00,4,3889,-81,-84.9,308.64,5,1332,-89,-91.7,191.51
RTLS,v3,790930,241,4,2,3021,-85,-87.8,333.40,3,3045,-91,-93.6,236.56,4,3861,-81,-84.3,392.90,5,1370,-89,-92.1,165.15
RTLS,v3,791095,241,3,3,3054,-90,-92.3,224.58,4,3927,-81,-83.1,460.17,5,1398,-89,-92.2,217.16
RTLS,v3,791220,241,4,2,3031,-87,-88.7,301.31,3,3050,-91,-92.4,267.25,4,3885,-81,-84.1,329.44,5,1328,-89,-91.9,243.24
RTLS,v3,791323,241,0
RTLS,v3,1159602,240,1,5,1952,-92,-95.9,190.27,IMU,0,0.2430,-0.0203,-0.0264,-0.9695,0.000,0.008,-0.031,0.0000,0.0000,0.0000
RTLS,v3,791695,241,4,2,2970,-87,-88.7,296.82,3,3082,-91,-92.8,269.39,4,3894,-80,-82.7,408.61,5,1375,-89,-91.9,261.44
RTLS,v3,1160054,240,4,2,3889,-85,-87.6,336.58,3,4058,-92,-92.9,241.76,4,3965,-80,-82.1,419.30,5,1910,-92,-96.1,128.56,IMU,0,0.2429,-0.0203,-0.0264,-0.9695,0.000,-0.031,-0.031,0.0000,-0.0020,0.0000
RTLS,v3,791933,241,4,2,3036,-85,-87.3,277.81,3,3040,-91,-93.1,230.09,4,3894,-82,-85.7,492.55,5,1286,-89,-92.3,134.10
RTLS,v3,792069,241,4,2,2914,-87,-88.9,344.84,3,3158,-91,-92.6,257.68,4,3819,-82,-84.9,414.69,5,1408,-89,-92.0,211.45
RTLS,v3,792195,241,4,2,3026,-86,-88.3,332.12,3,3031,-91,-93.1,242.39,4,3889,-81,-83.5,321.37,5,1403,-89,-92.3,189.70
RTLS,v3,792347,241,3,2,3003,-87,-89.0,227.19,4,3880,-81,-83.4,440.25,5,1398,-89,-92.2,140.39
RTLS,v3,792472,241,4,2,3045,-86,-88.4,323.43,3,3087,-91,-92.9,228.99,4,3899,-81,-84.8,408.48,5,1431,-89,-92.3,200.35
RTLS,v3,792597,241,4,2,3040,-86,-87.7,286.03,3,3068,-91,-92.6,284.72,4,3875,-81,-83.6,426.84,5,1389,-89,-92.9,176.94
RTLS,v3,792722,241,4,2,2998,-86,-87.9,295.65,3,3064,-91,-93.4,196.38,4,3885,-82,-85.3,336.38,5,1384,-89,-92.5,203.75
RTLS,v3,1161074,240,4,2,4007,-84,-86.5,275.85,3,4016,-92,-93.2,244.70,4,3908,-79,-80.5,419.30,5,1933,-92,-96.3,89.03,IMU,0,0.2429,-0.0203,-0.0264,-0.9695,0.043,0.008,0.008,0.0000,0.0000,0.0000
RTLS,v3,1161274,240,4,2,4002,-85,-87.1,326.83,3,4026,-92,-93.3,286.89,4,3922,-81,-82.7,477.05,5,1938,-92,-96.8,142.04,IMU,0,0.2429,-0.0201,-0.0264,-0.9695,0.043,0.008,0.008,0.0020,0.0039,0.0020
RTLS,v3,793153,241,4,2,3007,-86,-88.1,282.07,3,3073,-91,-92.3,224.74,4,3894,-82,-85.2,414.29,5,1483,-89,-91.9,178.48
RTLS,v3,793278,241,4,2,3026,-88,-89.7,256.25,3,3064,-91,-92.7,248.86,4,3922,-80,-83.6,330.52,5,1361,-89,-92.5,139.45
RTLS,v3,1161634,240,4,2,4002,-85,-87.7,362.18,3,4007,-92,-92.9,257.64,4,3941,-79,-80.1,440.98,5,1956,-92,-96.0,150.53,IMU,0,0.2429,-0.0202,-0.0264,-0.9695,-0.039,0.008,0.008,-0.0039,0.0020,0.0000
RTLS,v3,793513,241,4,2,3021,-86,-88.7,275.93,3,2965,-91,-92.5,275.34,4,3899,-81,-84.3,422.02,5,1379,-89,-92.7,148.69
RTLS,v3,793638,241,4,2,3045,-87,-89.1,282.42,3,3068,-91,-92.5,246.49,4,3875,-80,-82.5,420.77,5,1384,-89,-91.6,234.49
RTLS,v3,793789,241,3,3,3059,-90,-92.0,259.28,4,3936,-80,-82.5,352.79,5,1375,-89,-92.3,262.97
RTLS,v3,1162193,240,4,2,3993,-85,-87.8,348.21,3,4072,-92,-93.6,267.34,4,4021,-79,-81.5,414.48,5,1942,-92,-95.9,136.91,IMU,0,0.2429,-0.0204,-0.0264,-0.9695,0.000,0.008,0.008,0.0000,0.0000,0.0000
RTLS,v3,794072,241,4,2,3031,-87,-88.5,363.37,3,3045,-91,-92.1,270.38,4,3885,-80,-84.1,407.12,5,1464,-89,-92.4,122.87
RTLS,v3,794198,241,4,2,3021,-87,-88.8,346.43,3,3026,-90,-92.3,289.55,4,3922,-81,-83.4,363.52,5,1347,-89,-92.0,211.10
RTLS,v3,794323,241,4,2,3031,-86,-88.5,278.69,3,3120,-91,-92.4,258.91,4,3838,-81,-84.0,465.10,5,1389,-89,-91.5,212.42
RTLS,v3,794448,241,4,2,2998,-86,-88.5,251.62,3,3054,-91,-93.0,237.82,4,3908,-80,-83.8,391.45,5,1379,-89,-92.0,234.14
RTLS,v3,1162853,240,4,2,3983,-84,-86.4,355.25,3,3997,-92,-92.9,270.78,4,3941,-82,-84.4,456.84,5,1961,-92,-95.9,162.44,IMU,0,0.2429,-0.0203,-0.0264,-0.9695,0.008,0.008,-0.031,0.0000,0.0000,0.0000
RTLS,v3,794782,241,4,2,3040,-86,-88.6,337.35,3,3073,-90,-92.3,261.89,4,3894,-82,-85.5,375.04,5,1384,-89,-92.1,222.33
RTLS,v3,794957,241,4,2,3125,-86,-88.7,272.72,3,3087,-91,-92.9,234.31,4,3889,-82,-85.6,395.81,5,1389,-89,-92.2,165.43
RTLS,v3,1163313,240,4,2,3974,-84,-86.1,377.94,3,4077,-91,-92.4,258.63,4,3936,-80,-81.5,387.23,5,1928,-92,-96.2,101.12,IMU,0,0.2429,-0.0201,-0.0263,-0.9695,0.008,0.008,-0.031,0.0000,0.0000,0.0000
RTLS,v3,795195,241,4,2,3045,-87,-88.7,297.64,3,3092,-91,-92.8,256.24,4,3908,-82,-85.1,418.50,5,1412,-89,-92.9,199.92
RTLS,v3,795347,241,3,3,3120,-91,-92.8,221.93,4,3922,-82,-85.9,408.31,5,1379,-89,-92.8,188.88
RTLS,v3,1163702,240,4,2,3983,-83,-85.3,406.39,3,4044,-92,-93.2,230.31,4,3955,-79,-80.4,432.45,5,1952,-92,-95.8,159.55,IMU,0,0.2429,-0.0201,-0.0263,-0.9695,0.008,0.008,0.008,0.0000,0.0000,0.0000
RTLS,v3,795581,241,4,2,2942,-85,-88.0,284.98,3,3101,-91,-92.4,248.68,4,3861,-81,-83.7,412.25,5,1408,-89,-92.0,203.04
RTLS,v3,795707,241,4,2,3017,-87,-89.2,296.17,3,3078,-91,-92.5,256.75,4,3922,-82,-84.5,359.08,5,1384,-89,-92.0,212.00
RTLS,v3,795832,241,4,2,3082,-86,-88.2,292.92,3,3026,-91,-93.5,239.36,4,3899,-81,-84.5,312.69,5,1393,-89,-92.6,157.17
RTLS,v3,796072,241,4,2,3026,-86,-88.1,335.12,3,2979,-91,-92.3,238.74,4,3889,-81,-84.2,391.60,5,1393,-89,-91.5,229.05
RTLS,v3,796203,241,4,2,3031,-86,-88.8,326.16,3,3073,-91,-92.5,245.68,4,3899,-82,-84.7,404.69,5,1389,-89,-93.0,138.03
RTLS,v3,1164684,240,4,2,3974,-83,-85.2,367.35,3,4054,-92,-93.0,236.56,4,3960,-80,-81.9,430.73,5,1980,-92,-96.0,131.65,IMU,0,0.2429,-0.0201,-0.0262,-0.9695,-0.031,-0.023,0.008,0.0000,0.0000,0.0000
RTLS,v3,796704,241,4,2,3040,-87,-89.2,270.47,3,3050,-91,-93.0,231.27,4,3904,-81,-83.3,397.98,5,1408,-89,-92.6,195.86
RTLS,v3,796856,241,3,2,3045,-87,-88.8,258.09,4,3932,-82,-84.2,398.44,5,1393,-89,-93.0,205.07
RTLS,v3,1165211,240,4,2,3993,-85,-88.1,336.85,3,4077,-92,-92.9,226.26,4,3946,-80,-81.9,420.39,5,1867,-92,-96.0,142.94,IMU,0,0.2429,-0.0201,-0.0261,-0.9695,0.008,0.008,0.008,0.0000,0.0000,0.0000
RTLS,v3,797090,241,4,2,3021,-87,-88.7,295.81,3,3106,-91,-92.6,257.81,4,3885,-81,-83.9,333.50,5,1389,-89,-91.7,223.19
RTLS,v3,797216,241,4,2,3040,-86,-88.3,338.19,3,3059,-91,-92.6,268.47,4,3861,-81,-84.9,361.25,5,1389,-89,-92.0,273.18
RTLS,v3,797341,241,4,2,3021,-87,-88.9,308.30,3,3068,-90,-92.2,247.60,4,3904,-80,-83.3,354.69,5,1379,-89,-92.4,206.90
RTLS,v3,1165692,240,4,2,3904,-85,-87.8,322.83,3,4044,-92,-93.2,243.73,4,3965,-79,-80.8,507.53,5,1947,-92,-97.1,115.28,IMU,0,0.2429,-0.0201,-0.0262,-0.9695,0.008,-0.031,0.008,0.0000,0.0000,0.0000
RTLS,v3,797572,241,4,2,3054,-86,-88.3,265.56,3,3087,-91,-92.5,271.17,4,3927,-81,-83.5,376.18,5,1375,-89,-91.7,192.03
RTLS,v3,797712,241,4,2,3021,-87,-89.1,280.44,3,3040,-91,-92.4,230.61,4,3889,-82,-85.0,439.82,5,1379,-89,-92.5,198.72
RTLS,v3,797887,241,4,2,2965,-86,-88.6,272.82,3,3059,-90,-92.6,219.75,4,3955,-80,-82.6,382.82,5,1389,-89,-91.9,189.89
RTLS,v3,797970,241,0
RTLS,v3,798096,241,4,2,3021,-86,-88.1,336.12,3,3073,-91,-92.7,280.32,4,3861,-81,-83.2,407.68,5,1403,-89,-92.9,131.95
RTLS,v3,1166482,240,4,2,3983,-84,-86.5,366.87,3,4077,-91,-92.5,306.34,4,3927,-80,-82.5,341.00,5,1928,-92,-96.1,166.30,IMU,0,0.2428,-0.0200,-0.0264,-0.9695,0.000,0.008,0.008,0.0039,0.0059,0.0000
RTLS,v3,798362,241,4,2,3026,-86,-88.3,280.86,3,3092,-91,-92.3,240.20,4,3899,-81,-83.2,368.85,5,1393,-89,-91.9,216.36
RTLS,v3,798487,241,4,2,3031,-87,-88.8,326.12,3,3078,-91,-92.6,255.92,4,3871,-80,-82.3,390.64,5,1393,-89,-92.1,189.59
RTLS,v3,1166842,240,4,2,3974,-85,-87.3,345.98,3,4030,-92,-93.1,239.99,4,3941,-82,-83.7,414.98,5,1952,-92,-96.1,175.33,IMU,0,0.2429,-0.0200,-0.0265,-0.9695,0.008,0.008,0.008,0.0020,0.0078,-0.0020
RTLS,v3,798729,241,4,2,3007,-87,-88.9,278.28,3,3078,-91,-93.0,250.92,4,3861,-80,-82.5,396.82,5,1398,-90,-93.0,205.40
RTLS,v3,1167082,240,4,2,3988,-84,-87.3,331.77,3,4054,-92,-93.4,259.26,4,3950,-79,-82.6,383.10,5,1919,-92,-96.4,140.65,IMU,0,0.2429,-0.0199,-0.0266,-0.9695,0.008,-0.039,-0.031,-0.0020,0.0020,0.0000
RTLS,v3,798961,241,4,2,3017,-87,-88.8,322.08,3,3078,-91,-92.9,193.11,4,3871,-82,-86.1,366.83,5,1408,-89,-91.8,217.11
RTLS,v3,799086,241,4,2,2998,-86,-88.3,340.98,3,3054,-91,-92.4,266.72,4,3899,-81,-83.2,373.29,5,1417,-89,-91.7,198.48
RTLS,v3,799229,241,4,2,3036,-88,-89.7,323.35,3,3125,-91,-92.8,225.65,4,3861,-82,-85.0,320.05,5,1389,-89,-92.9,164.42
RTLS,v3,799461,241,4,2,3097,-86,-88.2,324.35,3,3078,-90,-92.2,259.69,4,3857,-81,-84.5,310.58,5,1393,-89,-92.0,202.49
RTLS,v3,799587,241,4,2,3017,-86,-88.0,284.88,3,3097,-90,-92.6,247.53,4,3843,-82,-85.4,329.20,5,1398,-89,-92.4,121.92
RTLS,v3,799758,241,3,3,3064,-91,-92.8,267.71,4,3889,-81,-85.3,295.59,5,1436,-89,-92.2,185.18
RTLS,v3,1168111,240,4,2,4011,-83,-86.4,387.52,3,4072,-91,-92.7,260.03,4,3960,-82,-83.7,451.32,5,1914,-92,-96.2,144.98,IMU,0,0.2429,-0.0203,-0.0266,-0.9695,0.000,0.008,0.047,0.0000,0.0000,0.0000
RTLS,v3,800191,241,4,2,2961,-86,-88.1,267.02,3,3068,-91,-92.7,250.25,4,3880,-81,-84.0,357.00,5,1389,-89,-92.2,201.96
RTLS,v3,800316,241,4,2,3012,-87,-88.4,321.13,3,3082,-90,-92.6,229.42,4,3904,-81,-83.7,512.50,5,1412,-89,-92.0,215.36
RTLS,v3,800441,241,4,2,3007,-87,-88.7,278.43,3,3078,-91,-92.5,247.78,4,3983,-81,-84.0,383.02,5,1389,-89,-92.2,175.26
RTLS,v3,800566,241,4,2,3054,-86,-87.9,321.12,3,3153,-91,-92.9,294.82,4,3875,-80,-83.3,389.50,5,1389,-89,-92.4,195.46
RTLS,v3,800812,241,4,2,3050,-86,-88.4,302.98,3,3106,-90,-92.0,267.54,4,3918,-82,-85.3,416.34,5,1408,-89,-92.1,154.86
RTLS,v3,800938,241,4,2,2998,-87,-89.0,306.39,3,3078,-91,-92.3,241.58,4,3899,-80,-82.7,368.96,5,1351,-89,-92.1,226.33
RTLS,v3,801112,241,4,2,2970,-86,-88.2,358.15,3,3026,-90,-92.3,259.31,4,3885,-81,-83.7,445.88,5,1408,-89,-92.4,180.97
RTLS,v3,801287,241,4,2,3031,-86,-88.2,351.38,3,3092,-91,-92.3,272.70,4,3847,-82,-84.8,401.40,5,1412,-89,-92.1,199.93
RTLS,v3,1169640,240,4,2,3979,-84,-85.8,301.50,3,4030,-92,-93.3,273.76,4,3950,-80,-81.4,425.67,5,1942,-92,-96.1,140.41,IMU,0,0.2429,-0.0203,-0.0267,-0.9695,0.035,0.000,0.008,0.0000,0.0000,0.0000
RTLS,v3,801519,241,4,2,3003,-86,-88.3,326.32,3,3040,-90,-91.8,247.97,4,3908,-80,-82.5,382.90,5,1351,-89,-92.7,137.98
RTLS,v3,801645,241,4,2,3017,-86,-88.1,283.93,3,3073,-91,-92.5,244.71,4,3875,-80,-83.0,432.33,5,1422,-89,-92.1,177.37
RTLS,v3,801796,241,3,3,3139,-91,-93.1,273.69,4,3857,-80,-83.1,377.23,5,1403,-89,-92.2,130.85
RTLS,v3,802030,241,4,2,2975,-87,-89.1,246.12,3,3068,-90,-92.2,262.94,4,3894,-80,-83.8,377.89,5,1393,-89,-92.2,166.45
RTLS,v3,802181,241,3,3,3064,-91,-92.8,282.80,4,3918,-82,-84.0,408.62,5,1422,-89,-91.8,262.79
RTLS,v3,802307,241,4,2,3054,-86,-88.6,239.42,3,3106,-91,-93.1,230.31,4,3861,-81,-84.5,405.85,5,1393,-89,-92.6,147.22
RTLS,v3,1170708,240,4,2,3885,-85,-88.0,380.40,3,4026,-91,-92.6,256.74,4,3960,-81,-82.7,414.54,5,1956,-92,-96.5,105.86,IMU,0,0.2429,-0.0202,-0.0267,-0.9695,0.000,0.000,-0.031,0.0000,0.0000,0.0000
RTLS,v3,802587,241,4,2,3007,-87,-89.0,279.49,3,3050,-91,-92.7,274.90,4,3904,-81,-83.8,425.67,5,1337,-89,-91.9,193.86
RTLS,v3,1170990,240,4,2,4016,-84,-87.2,241.46,3,4101,-92,-93.0,235.58,4,3969,-79,-80.6,392.54,5,1947,-92,-96.6,122.01,IMU,0,0.2429,-0.0201,-0.0267,-0.9695,0.008,0.000,0.008,0.0000,0.0000,0.0000
RTLS,v3,802994,241,4,2,3036,-86,-88.0,307.65,3,3003,-91,-92.6,269.97,4,3880,-80,-83.3,353.96,5,1365,-89,-92.2,155.47
RTLS,v3,803145,241,3,3,3017,-91,-92.7,298.68,4,3880,-82,-84.1,449.09,5,1393,-89,-92.5,144.38
RTLS,v3,1171501,240,4,2,3983,-83,-85.1,359.19,3,4063,-92,-93.3,254.87,4,3894,-80,-81.3,393.48,5,1966,-92,-96.0,113.04,IMU,0,0.2429,-0.0202,-0.0267,-0.9695,0.000,0.000,0.000,0.0000,0.0000,0.0000
RTLS,v3,803380,241,4,2,3045,-86,-88.7,277.50,3,3068,-91,-92.6,276.78,4,3918,-81,-83.3,441.35,5,1422,-89,-92.3,132.21
RTLS,v3,803530,241,3,3,3092,-91,-92.3,276.05,4,3843,-81,-84.1,391.77,5,1384,-89,-92.2,201.73
RTLS,v3,803656,241,4,2,3026,-87,-88.6,355.33,3,3068,-91,-92.5,258.95,4,3922,-81,-82.9,377.58,5,1403,-89,-92.1,140.26
RTLS,v3,803890,241,4,2,3040,-87,-89.1,284.57,3,3045,-91,-92.9,273.46,4,3880,-82,-85.1,382.31,5,1403,-89,-92.0,205.99
RTLS,v3,1172269,240,3,3,4068,-91,-92.8,226.05,4,3936,-80,-81.9,423.80,5,1924,-92,-96.0,140.83,IMU,0,0.2429,-0.0201,-0.0267,-0.9695,0.008,0.000,0.008,0.0039,0.0059,0.0000
RTLS,v3,804148,241,4,2,3036,-86,-88.7,263.02,3,3092,-90,-92.1,277.88,4,3871,-80,-83.1,465.14,5,1393,-89,-92.7,192.74
RTLS,v3,1172501,240,4,2,4007,-83,-85.1,346.00,3,4068,-92,-92.9,257.69,4,3941,-80,-82.7,467.08,5,1942,-92,-96.0,160.92,IMU,0,0.2429,-0.0201,-0.0267,-0.9695,-0.031,0.000,0.008,0.0078,0.0078,0.0000
RTLS,v3,804560,241,4,2,3021,-86,-88.1,339.08,3,3125,-91,-92.2,253.21,4,3889,-82,-84.7,431.68,5,1417,-89,-92.2,201.74
RTLS,v3,804735,241,4,2,3045,-86,-88.2,284.72,3,3059,-91,-92.9,285.79,4,3913,-81,-84.0,363.35,5,1304,-90,-92.9,190.90
RTLS,v3,1173090,240,4,2,4026,-84,-86.4,351.42,3,3974,-92,-93.2,219.96,4,3936,-80,-81.6,467.50,5,1938,-92,-95.9,172.14,IMU,0,0.2429,-0.0201,-0.0267,-0.9695,0.008,0.000,0.008,0.0000,0.0000,0.0000
RTLS,v3,804969,241,4,2,3031,-86,-88.9,195.38,3,3158,-91,-93.2,266.32,4,3861,-81,-84.2,326.60,5,1370,-89,-92.1,197.24
RTLS,v3,805120,241,3,3,3054,-91,-92.7,229.07,4,3894,-82,-84.1,411.83,5,1403,-89,-91.9,186.16
RTLS,v3,805245,241,4,2,3045,-87,-89.1,296.03,3,3092,-90,-92.3,258.19,4,3894,-80,-83.0,387.95,5,1384,-89,-92.3,138.50
RTLS,v3,1173600,240,4,2,3993,-84,-86.7,342.00,3,4115,-92,-93.1,257.36,4,3955,-80,-81.9,381.23,5,1966,-92,-96.4,94.46,IMU,0,0.2428,-0.0199,-0.0266,-0.9695,0.043,0.008,0.008,0.0000,-0.0059,0.0000
RTLS,v3,805479,241,4,2,3045,-86,-88.2,310.57,3,3101,-91,-93.6,276.60,4,3913,-81,-83.8,416.00,5,1375,-89,-92.1,220.24
RTLS,v3,805604,241,4,2,3045,-88,-89.2,253.66,3,3064,-91,-93.0,267.14,4,3852,-81,-83.2,365.44,5,1379,-89,-92.8,147.28
RTLS,v3,805729,241,4,2,3003,-87,-88.7,279.61,3,3087,-91,-92.8,237.80,4,3857,-82,-84.5,392.15,5,1393,-89,-92.2,196.93
RTLS,v3,805854,241,4,2,3036,-86,-88.3,293.55,3,2975,-90,-92.6,243.37,4,3899,-82,-84.2,365.96,5,1342,-89,-92.5,219.19
RTLS,v3,1174409,240,4,2,3997,-84,-86.1,331.57,3,4030,-91,-92.5,262.75,4,3927,-82,-84.3,394.73,5,1877,-92,-96.5,145.84,IMU,0,0.2427,-0.0200,-0.0267,-0.9695,0.008,-0.039,0.008,-0.0039,0.0039,0.0020
RTLS,v3,806289,241,4,2,3021,-87,-88.7,238.68,3,3059,-91,-93.1,270.01,4,3843,-81,-83.2,429.20,5,1361,-89,-93.0,117.10
RTLS,v3,806414,241,4,2,3021,-86,-88.1,305.13,3,3068,-91,-92.1,237.05,4,3861,-81,-83.7,406.86,5,1384,-89,-92.7,204.27
RTLS,v3,806539,241,4,2,3017,-86,-88.3,275.08,3,3064,-90,-92.1,238.47,4,3904,-81,-83.4,379.52,5,1393,-89,-92.4,207.46
RTLS,v3,806664,241,4,2,3017,-88,-89.7,244.25,3,3068,-91,-92.4,235.46,4,3894,-81,-84.1,402.93,5,1454,-89,-92.1,193.39
RTLS,v3,1175019,240,4,2,3960,-84,-85.7,379.39,3,4077,-92,-93.5,245.96,4,3918,-81,-83.0,412.88,5,2050,-92,-96.4,153.89,IMU,0,0.2428,-0.0200,-0.0267,-0.9695,-0.031,0.000,0.008,-0.0059,-0.0059,-0.0020
RTLS,v3,806898,241,4,2,3045,-87,-88.6,338.93,3,3045,-91,-92.5,290.87,4,3899,-81,-83.5,390.39,5,1426,-89,-92.2,200.14
RTLS,v3,807050,241,3,3,3054,-91,-92.5,211.86,4,3904,-81,-84.0,360.96,5,1384,-89,-92.2,139.35
RTLS,v3,807175,241,4,2,2998,-86,-88.6,261.48,3,3045,-90,-92.7,248.19,4,3908,-81,-83.7,348.12,5,1412,-89,-91.6,225.16
RTLS,v3,1175529,240,4,2,4002,-84,-86.3,297.39,3,4068,-92,-92.9,235.19,4,3941,-80,-82.5,365.20,5,1928,-92,-95.8,163.82,IMU,0,0.2427,-0.0203,-0.0266,-0.9695,-0.039,0.008,0.008,0.0000,0.0000,0.0000
RTLS,v3,807408,241,4,2,3040,-86,-88.5,289.53,3,3092,-91,-92.8,302.48,4,3941,-80,-84.1,346.75,5,1375,-89,-91.8,209.65
RTLS,v3,807534,241,4,2,3003,-87,-89.1,315.16,3,3143,-91,-93.0,207.13,4,3805,-82,-85.2,374.58,5,1398,-89,-92.2,232.06
RTLS,v3,807720,241,4,2,3012,-86,-87.8,300.43,3,3068,-91,-92.7,267.63,4,3852,-82,-85.0,421.10,5,1379,-89,-92.5,214.49
RTLS,v3,807895,241,4,2,3040,-86,-89.0,241.19,3,3059,-91,-93.1,243.81,4,3932,-81,-83.7,366.56,5,1469,-89,-92.2,233.07
RTLS,v3,808021,241,4,2,3026,-86,-88.5,317.98,3,3068,-91,-92.9,215.09,4,3969,-81,-83.6,439.64,5,1393,-89,-92.3,190.32
RTLS,v3,808257,241,4,2,2993,-87,-89.5,267.00,3,2975,-91,-92.4,259.98,4,3908,-81,-84.6,321.03,5,1389,-90,-92.9,170.90
RTLS,v3,808408,241,3,3,3045,-91,-92.5,289.57,4,3885,-81,-83.3,418.33,5,1436,-89,-92.1,172.52
RTLS,v3,808533,241,4,2,3036,-87,-88.7,299.69,3,3059,-91,-93.0,283.34,4,3983,-81,-83.6,406.98,5,1370,-89,-92.9,232.56
RTLS,v3,1176888,240,4,2,3993,-83,-85.1,367.44,3,4058,-92,-92.8,231.72,4,3936,-81,-83.3,451.64,5,1919,-92,-96.3,152.41,IMU,0,0.2427,-0.0204,-0.0265,-0.9695,0.008,0.000,0.000,-0.0039,0.0039,0.0020
RTLS,v3,808768,241,4,2,3031,-86,-88.4,302.56,3,3003,-91,-92.7,208.28,4,3861,-81,-84.7,289.04,5,1384,-89,-92.4,238.88
RTLS,v3,808918,241,3,3,3059,-91,-92.5,232.41,4,3880,-81,-83.1,455.92,5,1464,-89,-92.0,186.27
RTLS,v3,809044,241,4,2,3003,-86,-88.5,267.33,3,3078,-91,-92.6,278.28,4,3936,-82,-85.7,357.79,5,1356,-89,-92.1,206.30
RTLS,v3,1177398,240,4,2,3960,-85,-87.6,280.94,3,4044,-92,-93.0,241.80,4,3969,-80,-81.3,441.32,5,1924,-92,-95.9,173.56,IMU,0,0.2427,-0.0203,-0.0267,-0.9695,-0.008,0.000,-0.031,0.0000,0.0059,0.0020
RTLS,v3,809277,241,4,2,3040,-86,-88.8,257.84,3,3045,-91,-92.6,255.70,4,3871,-81,-84.1,387.09,5,1389,-89,-91.9,208.89
RTLS,v3,809429,241,3,2,3026,-86,-88.0,298.91,3,3036,-91,-92.8,222.95,5,1454,-89,-91.7,225.01
RTLS,v3,809555,241,4,2,3040,-86,-89.0,213.47,3,3115,-91,-92.7,218.37,4,3932,-82,-85.9,371.62,5,1384,-89,-92.2,203.30
RTLS,v3,1177908,240,4,2,4021,-84,-85.7,340.19,3,4044,-92,-93.5,227.41,4,3965,-80,-81.2,392.06,5,1928,-92,-96.3,138.84,IMU,0,0.2427,-0.0202,-0.0267,-0.9695,0.008,0.000,0.008,0.0000,0.0000,0.0000
RTLS,v3,809787,241,4,2,3045,-85,-87.5,308.82,3,3097,-91,-92.5,251.51,4,3861,-82,-84.2,336.23,5,1412,-90,-92.6,200.28
RTLS,v3,809913,241,4,2,3021,-87,-89.1,280.46,3,3017,-90,-92.0,242.49,4,3894,-81,-83.3,394.86,5,1384,-89,-92.0,213.36
RTLS,v3,810064,241,3,3,3045,-91,-92.6,284.87,4,3913,-81,-84.4,327.89,5,1361,-89,-92.1,204.16
RTLS,v3,1178417,240,4,2,4007,-84,-86.0,356.75,3,4007,-92,-93.1,267.35,4,3955,-80,-82.2,382.06,5,1938,-92,-96.1,142.82,IMU,0,0.2427,-0.0201,-0.0267,-0.9695,0.008,0.039,-0.031,0.0000,0.0000,0.0000
RTLS,v3,810296,241,4,2,3021,-86,-88.8,216.76,3,3115,-90,-92.1,225.63,4,3889,-80,-82.9,345.85,5,1389,-89,-92.3,203.48
RTLS,v3,810421,241,4,2,3045,-86,-88.3,261.35,3,3073,-91,-92.9,306.67,4,3880,-82,-86.2,370.65,5,1389,-89,-92.0,210.70
RTLS,v3,810546,241,4,2,3021,-86,-88.1,319.23,3,3045,-91,-92.5,238.12,4,3885,-81,-83.7,414.16,5,1370,-89,-92.3,161.05
RTLS,v3,1178899,240,4,2,3969,-84,-86.5,346.62,3,4068,-92,-92.9,245.03,4,3946,-80,-82.3,390.60,5,1971,-92,-96.7,109.09,IMU,0,0.2427,-0.0202,-0.0267,-0.9695,0.035,0.000,0.008,0.0000,0.0000,0.0000
RTLS,v3,810827,241,4,2,3106,-86,-88.3,319.04,3,3059,-91,-92.4,269.25,4,3885,-82,-85.0,380.38,5,1393,-90,-92.7,194.47
RTLS,v3,811002,241,4,2,3026,-87,-88.9,301.09,3,3054,-91,-92.3,264.40,4,3833,-80,-83.7,389.02,5,1417,-89,-92.1,215.35
RTLS,v3,1179407,240,4,2,3983,-85,-87.5,350.89,3,4026,-91,-92.7,264.86,4,3927,-78,-80.2,440.75,5,1999,-92,-96.8,110.24,IMU,0,0.2427,-0.0200,-0.0269,-0.9695,0.000,0.039,0.047,-0.0039,-0.0059,0.0000
RTLS,v3,811286,241,4,2,3012,-86,-87.6,327.04,3,3078,-91,-92.4,273.70,4,3833,-81,-83.3,429.57,5,1314,-89,-92.6,159.62
RTLS,v3,811412,241,4,2,2998,-87,-89.2,257.58,3,3031,-90,-92.4,256.70,4,3908,-81,-84.2,296.92,5,1379,-89,-92.0,187.86
RTLS,v3,811562,241,3,3,3078,-91,-92.6,282.42,4,3894,-80,-82.8,423.98,5,1389,-89,-92.3,182.09
RTLS,v3,1179967,240,4,2,4016,-84,-85.8,328.23,3,4082,-92,-92.9,275.16,4,3946,-81,-82.6,397.10,5,1942,-92,-95.9,144.48,IMU,0,0.2426,-0.0200,-0.0268,-0.9695,0.008,0.000,0.008,0.0000,-0.0039,0.0020
RTLS,v3,811847,241,4,2,3026,-86,-87.8,330.06,3,3021,-91,-92.4,272.90,4,3913,-82,-84.2,386.79,5,1403,-90,-92.6,203.48
RTLS,v3,811972,241,4,2,3031,-86,-88.3,265.81,3,3068,-91,-93.3,241.79,4,3852,-81,-84.6,411.27,5,1403,-89,-91.5,215.17
RTLS,v3,812097,241,4,2,2984,-86,-88.4,347.65,3,3054,-91,-92.7,217.24,4,3922,-81,-83.3,383.25,5,1464,-89,-92.5,147.78
RTLS,v3,812222,241,4,2,3050,-86,-88.3,331.40,3,3059,-91,-92.5,269.07,4,3899,-80,-82.4,430.42,5,1347,-89,-92.0,215.10
RTLS,v3,1180575,240,4,2,3988,-84,-87.2,304.71,3,4030,-92,-93.3,212.21,4,4016,-80,-81.7,448.40,5,1924,-92,-96.3,128.62,IMU,0,0.2427,-0.0200,-0.0267,-0.9695,0.043,-0.039,0.008,-0.0039,-0.0059,0.0000
RTLS,v3,812454,241,4,2,3036,-86,-88.1,297.08,3,3007,-91,-92.5,244.01,4,3885,-80,-83.0,390.77,5,1384,-89,-92.3,197.89
RTLS,v3,812580,241,4,2,3054,-87,-88.5,306.53,3,3068,-91,-92.7,231.53,4,3875,-81,-83.8,394.38,5,1379,-89,-92.1,188.05
RTLS,v3,812871,241,4,2,3026,-87,-88.9,289.25,3,3073,-90,-92.4,242.35,4,3904,-80,-82.6,361.25,5,1412,-89,-92.1,188.91
RTLS,v3,813105,241,4,2,3040,-87,-88.5,306.56,3,3054,-91,-92.9,253.05,4,3932,-81,-84.4,386.42,5,1393,-89,-92.2,212.05
RTLS,v3,813231,241,4,2,3017,-90,-91.3,176.75,3,3031,-90,-92.6,219.42,4,3875,-81,-83.3,452.12,5,1342,-89,-92.3,189.59
RTLS,v3,813381,241,3,3,2984,-91,-92.4,236.94,4,3899,-81,-84.3,329.06,5,1398,-89,-92.1,179.52
RTLS,v3,1181737,240,4,2,4007,-85,-88.3,326.73,3,4030,-92,-93.5,196.64,4,3880,-81,-83.1,444.59,5,1961,-92,-96.1,145.96,IMU,0,0.2427,-0.0200,-0.0268,-0.9695,0.008,-0.008,0.008,0.0020,0.0020,0.0020
RTLS,v3,813616,241,4,2,3040,-87,-89.0,278.96,3,3059,-91,-92.6,236.64,4,3889,-81,-83.6,346.21,5,1384,-89,-92.1,229.06
RTLS,v3,813767,241,3,3,3064,-91,-92.6,255.40,4,3805,-80,-84.0,296.15,5,1398,-89,-92.2,223.88
RTLS,v3,813942,241,4,2,3068,-86,-87.7,316.00,3,3101,-90,-91.9,290.28,4,3899,-81,-83.9,384.98,5,1347,-89,-91.9,248.17
RTLS,v3,814117,241,4,2,3003,-86,-88.6,256.65,3,3064,-90,-91.9,267.03,4,3885,-81,-84.5,402.42,5,1384,-89,-92.1,189.88
RTLS,v3,814270,241,3,2,3007,-87,-88.7,346.48,4,3866,-82,-85.2,422.52,5,1393,-89,-91.9,210.39
RTLS,v3,1182626,240,4,2,3932,-83,-86.9,357.10,3,4040,-91,-92.6,248.49,4,3946,-81,-82.8,556.11,5,1924,-92,-96.0,102.79,IMU,0,0.2428,-0.0198,-0.0270,-0.9695,-0.023,-0.039,0.008,-0.0059,-0.0156,0.0020
RTLS,v3,814506,241,4,2,3036,-86,-88.2,302.02,3,2965,-91,-92.3,281.40,4,3913,-82,-84.5,407.65,5,1379,-89,-92.6,198.48
RTLS,v3,814631,241,4,2,3012,-86,-88.6,276.35,3,3054,-91,-92.8,240.59,4,3913,-81,-83.5,421.73,5,1389,-89,-92.2,172.40
RTLS,v3,814782,241,3,3,3059,-90,-92.2,258.46,4,3889,-80,-83.6,379.42,5,1389,-89,-92.3,202.97
RTLS,v3,1183137,240,4,2,3974,-84,-87.3,366.52,3,4054,-92,-92.9,245.57,4,3941,-80,-81.1,488.97,5,1966,-92,-95.8,150.99,IMU,0,0.2429,-0.0203,-0.0268,-0.9695,0.000,0.000,0.008,0.0039,0.0059,0.0000
RTLS,v3,815017,241,4,2,3045,-86,-88.7,355.46,3,2979,-91,-93.0,220.08,4,3875,-81,-84.0,353.42,5,1393,-89,-91.9,179.77
RTLS,v3,815142,241,4,2,3045,-87,-88.8,287.44,3,3054,-90,-92.2,280.23,4,3899,-80,-83.2,407.92,5,1356,-89,-91.5,211.59
RTLS,v3,815294,241,3,2,3026,-86,-88.4,301.20,4,3852,-81,-83.2,430.88,5,1379,-89,-92.3,220.68
RTLS,v3,1183645,240,4,2,4049,-84,-86.9,355.98,3,4087,-92,-92.9,255.69,4,3941,-79,-81.0,415.50,5,1938,-92,-96.0,178.89,IMU,0,0.2428,-0.0201,-0.0269,-0.9695,0.000,0.000,-0.031,-0.0039,-0.0020,0.0000
RTLS,v3,815676,241,3,2,2984,-85,-87.5,309.98,3,3073,-91,-92.6,240.33,5,1454,-90,-92.7,194.03
RTLS,v3,815802,241,4,2,2998,-86,-88.3,296.62,3,3054,-90,-92.0,294.93,4,3932,-81,-83.7,401.06,5,1361,-89,-92.6,160.44
RTLS,v3,815928,241,4,2,3021,-86,-88.3,280.52,3,3167,-91,-92.5,255.92,4,3899,-81,-85.1,348.62,5,1408,-89,-92.5,168.81
RTLS,v3,816053,241,4,2,3031,-87,-89.2,292.87,3,3064,-91,-92.5,261.63,4,3932,-80,-82.2,386.68,5,1398,-89,-91.6,257.39
RTLS,v3,816178,241,4,2,3026,-86,-88.7,301.29,3,3087,-91,-93.0,267.55,4,3861,-82,-85.0,417.50,5,1393,-89,-92.1,220.92
RTLS,v3,816414,241,4,2,3026,-86,-88.5,268.66,3,3064,-91,-92.6,307.72,4,3918,-81,-84.2,366.15,5,1403,-89,-92.4,147.83
RTLS,v3,1184766,240,4,2,3974,-83,-86.4,276.54,3,4035,-92,-93.3,245.40,4,3889,-80,-82.4,465.39,5,1914,-92,-96.0,135.81,IMU,0,0.2426,-0.0204,-0.0266,-0.9695,0.008,0.039,0.008,0.0020,0.0059,0.0000
RTLS,v3,816645,241,4,2,3031,-87,-88.5,330.46,3,3148,-91,-92.5,302.20,4,3899,-80,-83.0,441.23,5,1389,-89,-91.9,152.48
RTLS,v3,816771,241,4,2,3026,-86,-87.9,284.38,3,3078,-91,-93.4,202.22,4,3880,-82,-85.7,361.83,5,1365,-89,-92.1,174.48
RTLS,v3,816945,241,4,2,3050,-86,-88.7,237.38,3,3082,-91,-93.2,265.78,4,3852,-80,-84.4,339.66,5,1370,-89,-92.2,165.11
RTLS,v3,817120,241,4,2,3021,-85,-87.3,284.18,3,3097,-91,-92.4,295.00,4,3908,-80,-83.0,412.82,5,1337,-89,-92.1,229.40
RTLS,v3,817272,241,3,3,3017,-91,-92.6,227.98,4,3899,-81,-83.2,396.84,5,1398,-89,-92.3,202.34
RTLS,v3,1185625,240,4,2,3974,-83,-85.2,339.56,3,3946,-92,-92.9,224.22,4,3941,-80,-81.7,500.31,5,1919,-92,-96.2,141.28,IMU,0,0.2426,-0.0201,-0.0268,-0.9695,0.008,-0.008,-0.031,0.0000,0.0039,0.0000
RTLS,v3,817504,241,4,2,3017,-86,-87.6,343.85,3,3059,-91,-92.7,261.94,4,3875,-81,-83.5,386.92,5,1398,-89,-92.1,206.64
RTLS,v3,817658,241,3,2,3059,-87,-89.1,294.25,3,3021,-90,-92.3,298.84,4,3866,-81,-83.3,315.94
RTLS,v3,817808,241,3,3,3073,-90,-92.0,229.72,4,3871,-80,-83.2,398.11,5,1365,-89,-91.7,210.19
RTLS,v3,817934,241,4,2,3007,-86,-88.3,297.45,3,2989,-90,-92.8,213.64,4,3885,-80,-83.3,357.52,5,1426,-89,-91.8,153.50
RTLS,v3,818059,241,4,2,3012,-87,-89.3,281.54,3,3050,-91,-92.9,254.98,4,3927,-81,-83.8,427.50,5,1422,-89,-92.3,198.98
RTLS,v3,1186415,240,4,2,4007,-83,-85.0,356.06,3,4049,-92,-92.7,272.76,4,3983,-80,-82.2,402.10,5,1900,-92,-95.8,146.85,IMU,0,0.2426,-0.0202,-0.0265,-0.9695,0.043,-0.031,0.008,0.0078,0.0059,0.0000
RTLS,v3,818294,241,4,2,3031,-87,-88.4,281.99,3,3007,-91,-92.6,231.64,4,3908,-80,-82.8,406.61,5,1403,-89,-92.3,179.65
RTLS,v3,818430,241,4,2,3003,-86,-88.0,289.36,3,3050,-91,-93.0,230.77,4,3843,-82,-85.5,389.58,5,1403,-89,-92.4,132.77
RTLS,v3,818556,241,4,2,3050,-87,-88.7,218.89,3,3068,-91,-92.4,245.94,4,3885,-81,-84.0,415.88,5,1342,-89,-91.9,237.95
RTLS,v3,818681,241,4,2,3007,-86,-88.7,290.36,3,3068,-91,-92.3,258.53,4,3908,-81,-83.5,376.86,5,1389,-89,-92.1,168.46
RTLS,v3,818932,241,4,2,2956,-87,-89.3,256.00,3,3045,-90,-92.1,227.71,4,3908,-81,-83.5,403.00,5,1393,-89,-92.1,189.70
RTLS,v3,1187284,240,4,2,3979,-83,-84.9,335.46,3,4124,-91,-92.6,259.33,4,3913,-80,-82.4,458.28,5,1966,-92,-96.4,136.54,IMU,0,0.2427,-0.0198,-0.0267,-0.9695,-0.023,-0.039,0.008,0.0000,0.0059,0.0020
RTLS,v3,819289,241,4,2,3045,-87,-88.9,274.61,3,3059,-91,-93.1,234.27,4,3889,-81,-84.4,406.40,5,1328,-90,-92.7,145.88
RTLS,v3,819432,241,4,2,3036,-91,-91.6,178.03,3,3068,-91,-92.4,261.12,4,3866,-82,-85.2,366.29,5,1375,-89,-91.8,209.29
RTLS,v3,819790,241,4,2,3031,-86,-88.1,285.50,3,3087,-91,-92.6,269.60,4,3843,-81,-83.5,425.65,5,1337,-89,-92.4,133.59
RTLS,v3,819982,241,4,2,3040,-86,-88.7,245.83,3,3078,-91,-93.4,275.89,4,3904,-81,-83.7,395.23,5,1445,-90,-92.4,198.93
RTLS,v3,820157,241,4,2,3021,-86,-87.4,297.52,3,3097,-91,-92.5,234.78,4,3847,-80,-83.9,309.39,5,1384,-89,-92.1,217.47
RTLS,v3,1188515,240,4,2,4026,-85,-87.3,377.88,3,4049,-92,-93.0,275.18,4,4021,-82,-84.9,373.25,5,1942,-92,-96.6,98.12,IMU,0,0.2427,-0.0201,-0.0267,-0.9695,0.008,0.000,0.008,0.0078,-0.0078,-0.0020
RTLS,v3,820395,241,4,2,3017,-86,-88.0,262.62,3,3064,-91,-92.7,230.40,4,3894,-80,-82.5,416.10,5,1445,-89,-92.5,198.10
RTLS,v3,820545,241,3,3,3087,-91,-93.0,255.64,4,3922,-80,-82.3,481.72,5,1375,-89,-92.1,193.35
RTLS,v3,820697,241,3,3,3073,-91,-93.1,247.61,4,3885,-81,-84.5,379.82,5,1445,-89,-92.1,195.26
RTLS,v3,1189055,240,4,2,3974,-83,-85.0,384.57,3,4091,-92,-93.1,251.04,4,3922,-78,-79.7,438.83,5,1938,-92,-96.3,159.81,IMU,0,0.2427,-0.0201,-0.0266,-0.9695,0.008,-0.031,0.008,0.0000,0.0000,0.0000
RTLS,v3,820913,241,3,3,3050,-91,-92.5,236.05,4,3880,-80,-83.5,321.77,5,1309,-89,-92.1,212.99
RTLS,v3,821016,241,3,3,3040,-91,-92.8,201.25,4,3908,-82,-85.0,478.27,5,1412,-89,-91.7,227.24
RTLS,v3,821142,241,4,2,3050,-86,-88.5,285.06,3,3064,-91,-92.7,269.93,4,3918,-80,-82.4,352.77,5,1379,-89,-92.3,151.21
RTLS,v3,821267,241,4,2,3059,-86,-88.2,324.17,3,3073,-91,-92.4,221.20,4,3894,-81,-83.8,424.36,5,1384,-89,-92.8,175.12
RTLS,v3,821392,241,4,2,3021,-86,-88.3,280.60,3,3003,-91,-93.1,229.54,4,3899,-81,-84.7,389.08,5,1426,-89,-92.1,139.35
RTLS,v3,821534,241,4,2,3050,-86,-88.2,285.40,3,3073,-91,-92.1,265.06,4,3927,-81,-83.6,393.41,5,1379,-89,-91.9,201.17
RTLS,v3,821660,241,4,2,2993,-86,-88.5,280.31,3,3101,-91,-92.1,251.31,4,3861,-82,-86.1,303.93,5,1375,-89,-91.9,209.02
RTLS,v3,1190032,240,4,2,3936,-84,-86.1,354.98,3,4054,-92,-93.1,251.47,4,3941,-80,-82.0,351.44,5,1966,-92,-96.0,132.47,IMU,0,0.2427,-0.0202,-0.0267,-0.9695,0.000,0.000,0.008,0.0000,0.0000,0.0000
RTLS,v3,821911,241,4,2,3036,-86,-88.3,273.18,3,3073,-91,-92.8,251.33,4,3904,-81,-83.5,362.44,5,1403,-89,-92.2,232.80
RTLS,v3,822037,241,4,2,3021,-86,-87.7,299.58,3,3111,-90,-92.1,260.80,4,3922,-80,-83.2,396.95,5,1379,-90,-92.6,217.16
RTLS,v3,1190441,240,4,2,4016,-84,-85.6,377.77,3,4072,-92,-93.0,238.53,4,3955,-80,-81.3,371.62,5,1952,-92,-96.1,157.19,IMU,0,0.2427,-0.0202,-0.0267,-0.9695,-0.031,0.000,0.008,0.0000,0.0000,0.0000
RTLS,v3,822320,241,4,2,3026,-87,-88.9,273.38,3,3111,-91,-92.8,275.48,4,3889,-81,-83.8,372.81,5,1389,-89,-92.0,142.13
RTLS,v3,1190722,240,4,2,3988,-83,-85.8,349.62,3,4049,-92,-93.3,269.40,4,3904,-80,-82.9,482.45,5,1924,-92,-96.3,133.94,IMU,0,0.2427,-0.0201,-0.0267,-0.9695,0.000,0.000,0.000,0.0000,0.0000,0.0000
RTLS,v3,822601,241,4,2,3073,-88,-89.6,259.03,3,3045,-91,-92.7,249.04,4,3889,-80,-83.2,406.41,5,1389,-89,-92.0,215.14
RTLS,v3,1190954,240,4,2,3988,-85,-86.6,291.12,3,4021,-92,-92.9,246.63,4,3932,-81,-82.2,451.91,5,1975,-92,-96.0,151.88,IMU,0,0.2427,-0.0201,-0.0267,-0.9695,0.000,-0.039,0.000,0.0000,0.0000,0.0000
RTLS,v3,822834,241,4,2,3007,-86,-88.2,280.50,3,3073,-91,-92.8,251.39,4,3871,-81,-85.0,282.28,5,1384,-89,-91.9,195.99
RTLS,v3,822984,241,3,3,3059,-91,-92.4,244.94,4,3875,-80,-82.4,398.14,5,1403,-89,-92.3,211.82
RTLS,v3,823159,241,4,2,3007,-87,-89.1,233.11,3,3073,-91,-92.6,262.28,4,3843,-82,-85.7,333.38,5,1422,-89,-91.7,201.19
RTLS,v3,823334,241,4,2,3026,-86,-88.3,355.83,3,3040,-91,-92.9,264.44,4,3875,-82,-84.1,384.44,5,1393,-89,-91.5,213.98
RTLS,v3,823486,241,3,3,3054,-91,-93.1,265.66,4,3960,-81,-83.4,359.62,5,1393,-89,-92.1,196.50
RTLS,v3,823611,241,4,2,3026,-87,-89.3,286.07,3,3017,-91,-93.0,278.92,4,3904,-81,-84.1,368.60,5,1408,-89,-91.9,241.87
RTLS,v3,823762,241,3,3,3101,-91,-92.3,263.13,4,3922,-80,-83.2,388.23,5,1389,-89,-92.4,154.31
RTLS,v3,823887,241,4,2,3054,-86,-88.4,386.64,3,3097,-91,-92.4,295.35,4,3857,-81,-83.2,352.46,5,1403,-89,-91.9,204.25
RTLS,v3,1192243,240,4,2,4016,-84,-85.7,317.17,3,4049,-92,-93.3,242.68,4,3974,-80,-82.2,443.62,5,1942,-92,-96.3,148.88,IMU,0,0.2427,-0.0204,-0.0266,-0.9695,0.035,0.008,0.000,0.0000,0.0000,0.0000
RTLS,v3,824248,241,4,2,3017,-86,-88.2,279.58,3,3068,-91,-92.5,272.14,4,3913,-81,-84.2,394.27,5,1398,-89,-92.9,221.21
RTLS,v3,824399,241,3,3,3068,-91,-93.0,191.72,4,3885,-81,-83.5,326.62,5,1389,-89,-92.4,126.54
RTLS,v3,1192753,240,4,2,3979,-85,-87.8,366.46,3,4063,-92,-93.3,236.98,4,3983,-81,-83.1,476.42,5,1952,-92,-96.1,91.13,IMU,0,0.2427,-0.0205,-0.0267,-0.9695,-0.008,0.039,0.008,0.0000,0.0000,0.0000
RTLS,v3,824632,241,4,2,3050,-87,-89.0,261.82,3,3153,-90,-92.1,240.32,4,3904,-82,-85.4,446.00,5,1389,-90,-93.0,183.57
RTLS,v3,824784,241,3,2,3036,-86,-88.4,334.12,3,3073,-91,-92.6,216.92,5,1403,-89,-93.2,180.10
RTLS,v3,824910,241,4,2,3040,-86,-88.6,282.06,3,3073,-91,-92.4,261.24,4,3918,-81,-84.0,383.48,5,1379,-89,-92.1,209.37
RTLS,v3,1193263,240,4,2,4016,-85,-87.9,323.25,3,4049,-91,-92.7,230.75,4,3946,-81,-82.8,386.21,5,1933,-92,-96.0,103.95,IMU,0,0.2427,-0.0205,-0.0267,-0.9695,-0.039,0.008,-0.031,0.0000,0.0000,0.0000
RTLS,v3,825142,241,4,2,3026,-87,-89.5,233.09,3,3139,-91,-92.5,288.06,4,3913,-81,-84.5,397.58,5,1398,-89,-92.6,162.08
RTLS,v3,825292,241,3,3,3045,-91,-92.8,187.43,4,3932,-81,-83.9,418.23,5,1403,-89,-91.5,200.58
RTLS,v3,825418,241,4,2,3059,-86,-88.4,351.63,3,3054,-91,-93.0,247.61,4,3885,-82,-85.2,429.39,5,1384,-89,-92.0,156.56
RTLS,v3,1193772,240,4,2,4011,-84,-86.7,324.48,3,4007,-92,-93.0,192.30,4,3960,-79,-80.9,416.60,5,1961,-92,-96.1,151.53,IMU,0,0.2427,-0.0204,-0.0266,-0.9695,0.000,0.008,0.047,0.0078,0.0020,0.0000
RTLS,v3,825651,241,4,2,3059,-87,-88.6,293.25,3,3111,-91,-93.1,289.51,4,3857,-81,-83.7,378.48,5,1379,-89,-92.4,183.58
RTLS,v3,825777,241,4,2,3026,-86,-88.3,310.63,3,3087,-91,-93.1,243.39,4,3894,-81,-83.3,315.94,5,1393,-89,-92.1,163.89
RTLS,v3,825928,241,3,3,3073,-91,-92.9,218.89,4,3889,-81,-83.6,424.95,5,1347,-89,-91.6,219.18
RTLS,v3,1194282,240,4,2,3955,-85,-87.3,327.48,3,4101,-92,-93.7,270.66,4,3955,-82,-84.1,461.11,5,1971,-92,-96.4,133.21,IMU,0,0.2427,-0.0204,-0.0267,-0.9695,-0.008,0.000,-0.031,-0.0020,-0.0059,-0.0020
RTLS,v3,826210,241,4,2,3021,-86,-88.2,250.43,3,3045,-91,-92.6,241.26,4,3885,-81,-83.8,363.23,5,1417,-89,-92.1,241.68
RTLS,v3,1194562,240,4,2,3965,-84,-87.0,337.14,3,4077,-92,-93.0,253.06,4,3955,-81,-82.5,487.38,5,1914,-92,-95.8,146.76,IMU,0,0.2426,-0.0204,-0.0267,-0.9695,0.000,0.000,0.008,0.0000,0.0020,0.0000
RTLS,v3,826490,241,4,2,3078,-86,-88.6,300.68,3,3012,-91,-93.0,224.28,4,3843,-80,-82.9,379.67,5,1398,-89,-92.3,208.71
RTLS,v3,1194842,240,4,2,4002,-85,-86.7,375.17,3,4049,-91,-92.5,283.77,4,3941,-82,-84.9,482.65,5,1956,-92,-96.0,163.23,IMU,0,0.2427,-0.0202,-0.0267,-0.9695,0.000,0.008,-0.031,0.0000,0.0000,0.0000
RTLS,v3,826721,241,4,2,3017,-86,-88.4,345.38,3,3078,-91,-93.4,227.24,4,3904,-81,-84.9,319.61,5,1389,-89,-92.1,241.43
RTLS,v3,826847,241,4,2,3045,-87,-89.3,297.76,3,3111,-90,-92.3,229.99,4,3904,-80,-82.1,354.06,5,1332,-89,-92.4,157.19
RTLS,v3,826997,241,3,3,3078,-91,-92.4,208.91,4,3866,-80,-82.7,402.05,5,1384,-89,-91.9,262.09
RTLS,v3,1195351,240,4,2,4016,-84,-86.7,333.15,3,4072,-92,-93.1,261.92,4,3969,-80,-83.1,421.25,5,1933,-92,-96.3,138.80,IMU,0,0.2427,-0.0203,-0.0268,-0.9695,0.000,0.000,0.047,0.0000,0.0000,0.0000
RTLS,v3,827230,241,4,2,3036,-86,-88.0,298.13,3,3050,-91,-92.8,239.17,4,3885,-81,-83.2,430.98,5,1379,-89,-92.0,195.90
RTLS,v3,827356,241,4,2,3017,-87,-89.5,311.53,3,3068,-90,-92.2,271.98,4,3880,-80,-83.0,376.73,5,1454,-89,-92.0,185.68
RTLS,v3,827481,241,4,2,3017,-87,-89.5,275.46,3,3054,-91,-92.7,269.88,4,3833,-81,-84.2,403.38,5,1393,-89,-92.1,223.65
RTLS,v3,827647,241,3,3,3078,-91,-92.6,277.42,4,3899,-82,-85.0,414.19,5,1408,-89,-92.2,230.64
RTLS,v3,1196002,240,4,2,3955,-84,-86.2,391.02,3,4054,-91,-92.5,220.59,4,3965,-79,-81.1,473.75,5,1919,-92,-96.0,152.21,IMU,0,0.2427,-0.0202,-0.0269,-0.9695,0.000,0.000,0.000,0.0020,0.0000,0.0000
RTLS,v3,827881,241,4,2,3040,-86,-88.4,281.56,3,3111,-91,-92.4,272.53,4,3941,-82,-85.5,325.53,5,1375,-89,-92.5,126.10
RTLS,v3,828006,241,4,2,3064,-86,-88.3,318.64,3,3092,-91,-93.0,240.38,4,3880,-80,-83.0,391.20,5,1389,-89,-91.9,182.77
RTLS,v3,828131,241,4,2,3036,-87,-88.5,274.96,3,3068,-91,-92.4,255.90,4,3899,-80,-82.7,430.83,5,1403,-89,-91.9,230.37
RTLS,v3,828256,241,4,2,3007,-88,-89.4,294.64,3,3092,-91,-92.7,240.36,4,3880,-81,-84.3,321.75,5,1398,-89,-92.1,204.46
RTLS,v3,1196610,240,4,2,3932,-85,-87.5,356.52,3,4044,-92,-93.6,265.83,4,3974,-81,-84.5,357.29,5,1919,-92,-96.9,138.97,IMU,0,0.2426,-0.0204,-0.0267,-0.9695,-0.008,0.039,-0.031,-0.0020,-0.0039,0.0000
RTLS,v3,828490,241,4,2,3040,-86,-88.5,322.58,3,3078,-91,-92.5,259.17,4,3885,-82,-84.9,379.73,5,1347,-89,-92.1,240.40
RTLS,v3,828655,241,3,3,3059,-91,-92.6,237.36,4,3871,-81,-83.5,346.17,5,1398,-89,-91.6,205.70
RTLS,v3,1197011,240,4,2,3979,-84,-85.7,353.54,3,3988,-92,-93.1,261.54,4,3979,-80,-82.5,412.17,5,1933,-92,-96.6,110.14,IMU,0,0.2426,-0.0206,-0.0268,-0.9695,-0.008,-0.039,0.008,0.0000,0.0000,0.0000
RTLS,v3,828890,241,4,2,3007,-86,-88.8,306.03,3,3078,-91,-92.6,247.28,4,3894,-81,-83.3,417.00,5,1473,-89,-92.4,253.97
RTLS,v3,829015,241,4,2,3026,-86,-88.5,318.66,3,3082,-91,-92.6,237.68,4,3936,-82,-85.2,366.75,5,1323,-89,-92.9,135.14
RTLS,v3,1197370,240,4,2,3988,-84,-86.2,355.19,3,4054,-92,-93.5,248.95,4,3955,-80,-82.1,458.17,5,2013,-92,-95.9,140.64,IMU,0,0.2427,-0.0206,-0.0269,-0.9695,-0.008,0.008,0.047,-0.0059,-0.0098,0.0000
RTLS,v3,829249,241,4,2,3036,-86,-88.1,399.27,3,2993,-91,-92.7,261.11,4,3918,-80,-83.6,325.67,5,1403,-89,-92.2,186.86
RTLS,v3,829424,241,4,2,3031,-87,-88.7,295.17,3,3078,-91,-92.2,281.22,4,3955,-81,-84.3,363.32,5,1398,-89,-92.1,168.83
RTLS,v3,829599,241,4,2,2998,-86,-88.0,327.84,3,3064,-91,-92.9,213.56,4,3880,-82,-85.1,417.69,5,1408,-89,-92.6,148.52
RTLS,v3,829725,241,4,2,3050,-86,-88.8,261.00,3,3064,-91,-92.4,232.92,4,3894,-81,-84.0,362.63,5,1389,-89,-91.5,223.74
RTLS,v3,1198081,240,4,2,3979,-83,-86.2,317.33,3,4082,-92,-92.9,243.01,4,3983,-80,-81.9,515.19,5,1938,-92,-96.5,159.63,IMU,0,0.2429,-0.0206,-0.0267,-0.9695,0.035,-0.031,-0.039,0.0020,0.0059,0.0000
RTLS,v3,829960,241,4,2,3050,-87,-88.6,263.33,3,3120,-91,-92.6,277.60,4,3908,-80,-82.5,369.06,5,1398,-90,-92.7,186.61
RTLS,v3,830085,241,4,2,3003,-86,-88.3,278.12,3,3054,-91,-92.7,267.90,4,3889,-82,-85.4,411.06,5,1384,-89,-91.7,200.12
RTLS,v3,830249,241,3,3,3106,-91,-93.0,275.21,4,3838,-82,-83.9,416.90,5,1389,-89,-92.0,210.02
RTLS,v3,830374,241,4,2,3031,-86,-88.3,360.83,3,2998,-91,-93.1,273.78,4,3899,-81,-83.5,380.02,5,1379,-89,-92.7,187.82
RTLS,v3,830611,241,4,2,3031,-86,-88.2,288.63,3,3059,-90,-92.5,247.91,4,3932,-82,-84.4,435.20,5,1422,-89,-92.1,142.66
RTLS,v3,830736,241,4,2,3040,-86,-88.6,288.48,3,3026,-91,-93.3,255.99,4,3875,-82,-84.6,404.88,5,1356,-89,-92.2,212.22
RTLS,v3,830862,241,4,2,3040,-86,-88.2,286.00,3,3059,-91,-92.7,261.52,4,3913,-80,-83.4,355.46,5,1332,-89,-91.9,200.14
RTLS,v3,830987,241,4,2,3040,-92,-93.3,107.09,3,3059,-91,-92.8,232.10,4,3828,-80,-83.2,391.36,5,1393,-89,-91.8,223.18
RTLS,v3,831232,241,4,2,3026,-87,-88.8,330.82,3,3068,-91,-92.6,285.58,4,3857,-81,-83.4,393.25,5,1408,-89,-92.0,250.29
RTLS,v3,831358,241,4,2,3036,-86,-88.6,276.33,3,3045,-91,-92.6,299.42,4,3899,-81,-83.5,428.30,5,1323,-90,-92.8,187.45
RTLS,v3,831483,241,4,2,3026,-86,-88.4,321.80,3,3082,-91,-92.0,224.60,4,3843,-80,-82.4,441.23,5,1398,-89,-91.7,213.29
RTLS,v3,1199891,240,4,2,3993,-83,-85.0,363.25,3,4077,-91,-92.9,208.71,4,3936,-80,-81.7,412.30,5,1877,-92,-96.1,107.14,IMU,0,0.2429,-0.0204,-0.0267,-0.9695,0.000,0.000,0.008,0.0020,-0.0020,0.0020
RTLS,v3,831771,241,4,2,3040,-88,-89.7,296.94,3,3021,-90,-92.6,234.08,4,3833,-82,-84.6,373.29,5,1356,-90,-93.1,161.22
RTLS,v3,831921,241,3,3,3036,-91,-92.8,250.32,4,3861,-81,-84.5,346.46,5,1389,-90,-93.2,200.95
RTLS,v3,832047,241,4,2,3007,-87,-88.9,342.29,3,3068,-91,-93.2,258.99,4,3786,-81,-85.1,423.18,5,1412,-89,-92.6,197.83
RTLS,v3,832198,241,3,3,3054,-91,-93.1,210.96,4,3889,-81,-84.4,404.07,5,1342,-89,-92.7,147.39
RTLS,v3,832372,241,4,2,3021,-86,-88.5,299.72,3,3078,-91,-93.1,227.67,4,3861,-82,-85.7,377.77,5,1431,-89,-92.1,174.75
RTLS,v3,1200779,240,4,2,4030,-84,-86.7,315.44,3,4049,-92,-93.3,210.96,4,3941,-80,-82.4,455.47,5,1938,-92,-96.3,105.41,IMU,0,0.2427,-0.0203,-0.0266,-0.9695,0.000,0.047,0.008,0.0000,0.0000,0.0000
RTLS,v3,832707,241,4,2,3036,-87,-88.9,302.86,3,3040,-91,-92.6,260.31,4,3810,-80,-83.1,348.50,5,1412,-89,-93.1,182.84
RTLS,v3,832858,241,3,3,3078,-91,-92.9,285.84,4,3852,-82,-85.0,362.43,5,1393,-89,-91.5,206.14
RTLS,v3,832984,241,4,2,3012,-86,-88.1,272.19,3,3087,-91,-93.4,242.88,4,3946,-80,-83.3,405.16,5,1464,-89,-91.5,201.28
RTLS,v3,833109,241,4,2,3036,-86,-88.3,372.96,3,3087,-91,-92.6,251.83,4,3955,-82,-84.6,355.25,5,1365,-89,-91.9,238.36
RTLS,v3,833234,241,4,2,3021,-87,-89.2,325.57,3,3129,-91,-92.4,262.62,4,3824,-81,-84.9,334.00,5,1403,-89,-92.2,234.09
RTLS,v3,833359,241,4,2,3026,-86,-88.1,225.98,3,3054,-91,-92.2,274.29,4,3866,-82,-85.5,417.64,5,1342,-89,-92.0,143.26
RTLS,v3,833484,241,4,2,3036,-87,-89.3,264.59,3,3087,-92,-93.9,175.59,4,3913,-81,-84.1,372.73,5,1403,-89,-92.0,251.19
RTLS,v3,1201839,240,4,2,4007,-83,-84.9,391.02,3,4101,-92,-93.2,245.96,4,3955,-80,-81.5,421.75,5,1895,-92,-96.0,109.69,IMU,0,0.2427,-0.0204,-0.0265,-0.9695,-0.039,0.008,0.008,0.0000,0.0000,0.0000
RTLS,v3,833719,241,4,2,3026,-86,-88.5,292.21,3,3078,-91,-92.6,251.69,4,3955,-80,-82.5,375.18,5,1408,-89,-92.1,159.89
RTLS,v3,833883,241,3,3,3017,-91,-93.4,259.88,4,3894,-81,-83.6,405.04,5,1412,-89,-92.3,206.70
RTLS,v3,1202239,240,4,2,4068,-83,-85.8,343.42,3,4044,-91,-93.0,215.81,4,3918,-81,-83.9,451.89,5,1980,-92,-96.0,142.78,IMU,0,0.2427,-0.0204,-0.0264,-0.9695,0.000,0.008,0.008,0.0000,0.0000,0.0000
RTLS,v3,834244,241,4,2,3036,-87,-88.8,258.07,3,3073,-91,-92.9,255.19,4,3889,-81,-83.9,369.54,5,1375,-89,-91.6,224.36
RTLS,v3,834394,241,3,3,3054,-91,-92.5,249.31,4,3885,-82,-86.1,352.69,5,1398,-89,-92.2,133.48
RTLS,v3,1202749,240,4,2,3993,-84,-86.1,361.02,3,4002,-92,-93.3,263.68,4,3927,-79,-80.8,454.50,5,1966,-92,-95.8,129.53,IMU,0,0.2427,-0.0204,-0.0264,-0.9695,0.000,0.008,0.047,0.0000,0.0000,0.0000
RTLS,v3,834628,241,4,2,3021,-86,-88.7,277.52,3,3054,-91,-93.0,202.41,4,3866,-81,-83.4,441.10,5,1417,-89,-92.7,220.31
RTLS,v3,834754,241,4,2,3036,-87,-89.0,241.10,3,3026,-91,-92.4,285.73,4,3899,-80,-82.4,398.00,5,1408,-89,-92.5,214.17
RTLS,v3,834879,241,4,2,3031,-86,-88.2,279.97,3,3012,-91,-93.4,218.74,4,3875,-80,-83.2,401.61,5,1361,-89,-91.8,203.65
RTLS,v3,835029,241,3,3,3045,-91,-93.3,195.95,4,3861,-80,-84.4,349.91,5,1422,-89,-92.2,209.89
RTLS,v3,835155,241,4,2,2998,-87,-88.8,265.03,3,3064,-91,-92.5,279.94,4,3922,-81,-84.4,384.73,5,1379,-89,-92.0,233.97
RTLS,v3,835357,241,3,2,2923,-86,-88.6,286.62,3,3054,-90,-92.3,249.49,4,3880,-81,-83.4,422.60
RTLS,v3,1203709,240,4,2,3946,-85,-87.5,325.33,3,4030,-91,-92.5,256.46,4,3974,-79,-80.7,421.25,5,1952,-92,-96.0,148.01,IMU,0,0.2427,-0.0204,-0.0264,-0.9695,0.000,0.016,0.008,0.0059,0.0039,0.0000
RTLS,v3,835637,241,4,2,3036,-87,-88.6,314.88,3,3054,-91,-92.4,267.80,4,3889,-82,-85.7,364.88,5,1412,-89,-92.0,156.14
RTLS,v3,1203999,240,4,2,4002,-83,-85.0,409.65,3,4054,-92,-93.6,256.40,4,3974,-81,-82.5,420.77,5,1914,-92,-96.1,129.59,IMU,0,0.2428,-0.0201,-0.0266,-0.9695,0.035,-0.008,0.008,0.0000,0.0020,-0.0020
RTLS,v3,835878,241,4,2,3031,-86,-88.7,286.25,3,3040,-90,-92.0,289.98,4,3918,-82,-84.7,377.33,5,1375,-89,-91.8,205.21
RTLS,v3,836004,241,4,2,3017,-86,-88.5,325.44,3,3017,-91,-92.4,260.06,4,3861,-81,-83.2,398.79,5,1379,-89,-92.1,246.62
RTLS,v3,836129,241,4,2,2998,-86,-88.3,251.83,3,3073,-91,-92.6,251.85,4,3932,-81,-83.4,427.60,5,1384,-89,-93.0,184.13
RTLS,v3,836279,241,3,3,3106,-91,-92.6,234.72,4,3899,-81,-84.2,424.64,5,1379,-89,-92.3,162.38
RTLS,v3,836405,241,4,2,3068,-87,-88.8,325.97,3,3115,-91,-93.4,251.26,4,3899,-80,-84.1,316.65,5,1384,-89,-91.8,202.05
RTLS,v3,1204979,240,3,3,4072,-92,-93.7,261.24,4,3997,-80,-82.1,423.67,5,1900,-92,-96.8,151.36,IMU,0,0.2429,-0.0208,-0.0266,-0.9695,-0.008,-0.031,0.000,0.0000,0.0000,0.0000
RTLS,v3,836858,241,4,2,3045,-86,-88.4,280.40,3,3050,-91,-92.4,280.78,4,3899,-80,-83.1,381.09,5,1408,-89,-92.3,154.62
RTLS,v3,836983,241,4,2,3031,-86,-88.4,336.50,3,3064,-91,-92.3,240.47,4,3880,-81,-84.2,400.77,5,1417,-89,-93.0,215.70
RTLS,v3,837108,241,4,2,3045,-87,-88.6,288.43,3,3054,-91,-92.8,242.95,4,3904,-80,-82.7,393.64,5,1337,-90,-93.2,217.54
RTLS,v3,837233,241,4,2,3007,-86,-88.8,304.38,3,3054,-91,-93.1,202.54,4,3852,-80,-82.3,433.70,5,1412,-89,-91.7,250.65
RTLS,v3,1205598,240,4,2,3922,-85,-87.2,331.88,3,4054,-92,-93.0,266.21,4,3946,-80,-81.5,490.78,5,1956,-92,-95.9,140.67,IMU,0,0.2429,-0.0208,-0.0266,-0.9695,-0.008,0.008,-0.039,0.0000,0.0000,0.0000
RTLS,v3,837477,241,4,2,3021,-87,-89.3,295.34,3,3059,-91,-92.7,263.69,4,3885,-80,-82.8,387.23,5,1393,-89,-91.9,243.58
RTLS,v3,837604,241,4,2,3003,-86,-88.4,326.88,3,3059,-91,-92.6,313.57,4,3927,-82,-84.8,400.92,5,1375,-89,-93.0,150.74
RTLS,v3,837730,241,4,2,3031,-87,-88.7,304.73,3,3026,-90,-92.0,312.68,4,3824,-81,-83.2,386.98,5,1417,-89,-92.8,143.11
RTLS,v3,837881,241,3,3,3045,-91,-93.2,297.99,4,3880,-82,-85.0,378.71,5,1426,-89,-92.3,221.24
RTLS,v3,838006,241,4,2,3026,-86,-87.8,292.27,3,3087,-90,-92.1,261.79,4,3889,-81,-83.4,365.00,5,1356,-89,-92.6,156.34
RTLS,v3,838157,241,3,3,3101,-90,-92.2,287.70,4,3871,-80,-83.5,421.02,5,1403,-89,-92.2,134.64
RTLS,v3,838282,241,4,2,3026,-86,-88.5,309.16,3,3045,-91,-92.8,245.44,4,3941,-81,-83.5,378.68,5,1375,-89,-92.0,213.88
RTLS,v3,1206638,240,4,2,3908,-84,-85.5,376.65,3,4035,-92,-93.3,182.00,4,3922,-79,-80.7,427.45,5,1952,-92,-96.2,85.88,IMU,0,0.2429,-0.0206,-0.0267,-0.9695,0.000,0.008,-0.031,0.0000,0.0000,0.0000
RTLS,v3,838566,241,4,2,3026,-86,-88.5,331.05,3,3026,-91,-92.9,274.25,4,3852,-81,-83.4,423.83,5,1393,-89,-92.0,207.96
RTLS,v3,1206918,240,4,2,3983,-83,-84.5,320.14,3,4185,-92,-93.8,237.33,4,3936,-79,-81.0,484.31,5,1947,-92,-95.8,161.50,IMU,0,0.2429,-0.0206,-0.0266,-0.9695,0.000,0.047,0.008,0.0000,0.0000,0.0000
RTLS,v3,838846,241,4,2,3031,-87,-88.8,308.31,3,3064,-91,-93.0,284.18,4,3885,-81,-84.8,307.98,5,1403,-90,-93.2,187.19
RTLS,v3,838972,241,4,2,3031,-86,-88.3,340.33,3,3073,-91,-92.5,276.53,4,3814,-82,-86.0,368.88,5,1389,-89,-91.7,196.36
RTLS,v3,839097,241,4,2,3007,-86,-88.1,278.65,3,3078,-91,-92.6,247.79,4,3894,-81,-83.6,413.61,5,1384,-89,-92.0,206.17
RTLS,v3,839222,241,4,2,3054,-87,-89.2,296.37,3,3059,-91,-93.1,255.25,4,3908,-81,-83.2,416.48,5,1393,-89,-92.4,159.77
RTLS,v3,839347,241,4,2,3050,-89,-90.0,270.67,3,3007,-91,-92.5,269.97,4,3899,-81,-84.2,434.23,5,1314,-89,-92.1,157.39
RTLS,v3,839472,241,4,2,3036,-88,-89.6,291.22,3,3082,-91,-93.3,227.31,4,3871,-81,-84.9,295.75,5,1389,-89,-92.0,220.74
RTLS,v3,839597,241,4,2,3021,-87,-88.9,273.99,3,2998,-90,-92.3,244.46,4,3889,-81,-83.7,407.35,5,1379,-89,-92.2,190.99
RTLS,v3,839722,241,4,2,3031,-86,-88.7,267.37,3,3054,-91,-92.6,268.44,4,3880,-80,-82.9,349.69,5,1361,-89,-92.5,233.46
RTLS,v3,839847,241,4,2,3021,-88,-89.2,301.51,3,3092,-90,-92.3,237.18,4,3871,-82,-85.2,449.00,5,1450,-89,-91.7,222.29
RTLS,v3,839972,241,4,2,2998,-87,-88.9,276.06,3,3050,-91,-93.1,283.22,4,3908,-81,-84.5,365.40,5,1337,-89,-92.5,196.60
RTLS,v3,840097,241,4,2,3031,-86,-88.5,259.73,3,3106,-91,-93.3,264.69,4,3894,-81,-84.1,403.77,5,1384,-89,-91.9,186.92
RTLS,v3,840222,241,4,2,3040,-86,-88.4,275.28,3,3073,-90,-92.1,258.19,4,3889,-81,-82.8,386.38,5,1408,-89,-92.3,242.29
RTLS,v3,1208577,240,4,2,3969,-83,-85.5,292.13,3,4054,-92,-93.9,229.76,4,3908,-80,-82.9,374.55,5,1956,-92,-96.7,139.84,IMU,0,0.2428,-0.0203,-0.0267,-0.9695,0.000,0.000,-0.031,0.0000,0.0020,0.0000
RTLS,v3,840457,241,4,2,3007,-87,-89.2,274.58,3,3059,-91,-92.6,265.56,4,3871,-82,-85.1,339.62,5,1422,-89,-91.6,196.08
RTLS,v3,840608,241,3,2,3045,-86,-88.6,237.18,3,3012,-91,-92.8,252.16,5,1370,-89,-92.0,155.51
RTLS,v3,840734,241,4,2,3012,-86,-88.0,304.27,3,3078,-91,-93.1,253.06,4,3875,-80,-83.3,342.80,5,1389,-89,-92.1,178.93
RTLS,v3,840884,241,3,3,3050,-91,-92.4,270.78,4,3894,-80,-82.4,402.45,5,1342,-89,-91.6,183.99
RTLS,v3,841010,241,4,2,3050,-86,-87.7,284.52,3,3082,-91,-92.6,297.93,4,3875,-80,-84.3,332.12,5,1417,-89,-92.7,217.08
RTLS,v3,841184,241,4,2,3040,-87,-89.4,288.42,3,3082,-90,-92.3,255.19,4,3875,-82,-85.7,346.64,5,1342,-89,-92.1,228.88
RTLS,v3,841465,241,4,2,3012,-86,-88.1,302.97,3,3092,-91,-92.5,257.49,4,3880,-81,-84.0,402.98,5,1365,-89,-92.2,186.78
RTLS,v3,841591,241,4,2,3031,-87,-88.9,322.07,3,3040,-91,-93.0,260.43,4,3904,-81,-84.7,343.50,5,1375,-89,-92.1,224.34
RTLS,v3,1209948,240,4,2,3974,-83,-85.8,257.97,3,4148,-92,-92.8,233.15,4,3950,-81,-82.5,403.83,5,1975,-92,-95.8,142.77,IMU,0,0.2427,-0.0204,-0.0267,-0.9695,0.000,0.000,0.000,0.0000,0.0000,0.0000
RTLS,v3,841827,241,4,2,3036,-86,-88.2,395.59,3,3050,-91,-92.7,240.88,4,3838,-82,-85.1,399.56,5,1389,-89,-92.3,143.75
RTLS,v3,841952,241,4,2,3040,-86,-88.3,246.35,3,3064,-91,-93.2,231.01,4,3885,-82,-86.1,381.52,5,1393,-89,-91.5,249.76
RTLS,v3,842077,241,4,2,3017,-87,-88.8,325.57,3,3059,-90,-92.1,222.70,4,3880,-82,-85.1,439.84,5,1403,-89,-92.1,191.99
RTLS,v3,842202,241,4,2,3026,-87,-88.8,315.17,3,3007,-91,-92.6,194.72,4,3932,-81,-83.4,430.09,5,1417,-90,-92.7,142.50
RTLS,v3,842327,241,4,2,3040,-86,-88.1,275.58,3,3082,-91,-92.5,239.74,4,3960,-81,-84.7,305.38,5,1337,-90,-92.6,189.53
RTLS,v3,842728,241,3,3,3031,-91,-92.7,286.34,4,3875,-80,-82.2,397.80,5,1408,-89,-92.6,155.90
RTLS,v3,1211455,240,4,2,4002,-84,-87.1,335.56,3,4007,-92,-93.3,270.79,4,3941,-80,-82.1,444.00,5,1914,-92,-96.3,169.01,IMU,0,0.2427,-0.0200,-0.0267,-0.9695,0.008,0.000,0.008,0.0000,0.0000,0.0000
RTLS,v3,843349,241,4,2,3036,-86,-88.3,284.95,3,3050,-91,-92.7,267.44,4,3913,-80,-84.1,352.90,5,1393,-89,-93.0,211.60
RTLS,v3,843712,241,4,2,3021,-86,-88.7,252.31,3,3036,-91,-92.1,276.95,4,3894,-81,-83.2,396.98,5,1393,-89,-92.4,221.94
RTLS,v3,1212207,240,4,2,3969,-84,-85.7,362.33,3,4063,-92,-93.2,233.97,4,3974,-79,-81.6,382.57,5,1966,-92,-96.6,158.17,IMU,0,0.2427,-0.0200,-0.0267,-0.9695,0.008,0.000,0.008,0.0000,0.0000,0.0000
RTLS,v3,844310,241,4,2,3078,-86,-88.1,294.37,3,3050,-91,-92.5,273.06,4,3894,-82,-84.4,371.23,5,1412,-89,-92.2,206.52
RTLS,v3,844595,241,4,2,3031,-86,-88.2,278.17,3,3092,-91,-93.2,244.22,4,3918,-80,-82.7,436.73,5,1389,-89,-91.5,223.31
RTLS,v3,845254,241,4,2,3007,-86,-88.3,330.00,3,3068,-91,-92.3,230.30,4,3885,-80,-82.3,372.67,5,1417,-89,-91.8,232.59
RTLS,v3,845379,241,4,2,3045,-88,-89.4,341.12,3,2965,-90,-91.9,279.98,4,3861,-82,-84.1,386.73,5,1431,-89,-92.4,198.90
RTLS,v3,845504,241,4,2,3007,-87,-88.7,311.39,3,3078,-91,-92.5,300.27,4,3889,-80,-83.0,346.60,5,1328,-89,-92.1,166.49
RTLS,v3,845629,241,4,2,3012,-86,-88.6,277.32,3,3082,-91,-92.7,249.14,4,3828,-81,-83.8,359.81,5,1375,-89,-91.6,210.20
RTLS,v3,1213986,240,4,2,3950,-84,-85.7,380.05,3,4021,-92,-93.3,268.93,4,3936,-80,-81.6,414.59,5,1891,-92,-96.1,120.55,IMU,0,0.2427,-0.0203,-0.0266,-0.9695,0.000,0.008,0.008,0.0000,0.0000,0.0000
RTLS,v3,845865,241,4,2,3007,-87,-88.9,293.10,3,3078,-91,-92.7,288.26,4,3885,-81,-83.4,417.70,5,1398,-89,-91.9,223.59
RTLS,v3,846000,241,4,2,2956,-86,-88.2,303.71,3,3059,-91,-92.2,260.06,4,3899,-81,-83.4,443.45,5,1417,-89,-92.2,168.96
RTLS,v3,846126,241,4,2,3021,-86,-88.3,313.58,3,3082,-91,-93.6,218.91,4,3918,-81,-83.8,388.48,5,1393,-89,-92.2,132.21
RTLS,v3,846276,241,3,3,3087,-90,-91.9,284.67,4,3875,-81,-84.7,349.81,5,1398,-89,-91.9,264.81
RTLS,v3,846402,241,4,2,2998,-86,-88.2,311.71,3,3073,-91,-92.5,270.28,4,3922,-81,-84.0,382.54,5,1370,-89,-91.7,241.22
RTLS,v3,846552,241,3,3,3040,-91,-92.3,230.54,4,3885,-81,-83.7,426.07,5,1379,-89,-92.2,167.08
RTLS,v3,1214903,240,4,2,4016,-84,-86.4,353.83,3,4044,-92,-93.7,229.28,4,3941,-80,-81.7,529.03,5,1961,-92,-96.0,100.62,IMU,0,0.2428,-0.0204,-0.0265,-0.9695,0.035,-0.039,0.000,0.0000,0.0000,0.0000
RTLS,v3,846782,241,4,2,2918,-86,-87.9,273.01,3,3087,-91,-93.3,261.25,4,3904,-81,-84.1,335.39,5,1379,-90,-92.6,187.19
RTLS,v3,1215135,240,4,2,4002,-83,-85.3,321.27,3,4040,-92,-93.9,231.27,4,3941,-81,-83.0,403.92,5,1881,-92,-96.8,118.49,IMU,0,0.2429,-0.0201,-0.0267,-0.9695,-0.031,0.000,0.047,0.0039,-0.0137,0.0000
RTLS,v3,847023,241,4,2,3003,-86,-88.2,279.69,3,3068,-91,-93.1,294.48,4,3866,-81,-83.5,356.52,5,1323,-89,-92.4,156.61
RTLS,v3,847198,241,4,2,3026,-86,-88.4,272.90,3,3031,-90,-92.1,267.51,4,3861,-80,-82.2,395.36,5,1393,-89,-91.5,228.14
RTLS,v3,847482,241,4,2,3045,-87,-89.1,259.79,3,3036,-91,-93.0,239.29,4,3899,-81,-84.4,380.61,5,1375,-89,-92.0,153.16
RTLS,v3,847608,241,4,2,3007,-86,-88.2,275.06,3,3073,-91,-92.5,259.64,4,3824,-80,-84.1,292.12,5,1412,-89,-92.5,212.34
RTLS,v3,1215965,240,4,2,3983,-85,-87.0,326.88,3,4049,-92,-93.2,203.74,4,3950,-80,-83.0,472.17,5,2017,-92,-95.7,150.37,IMU,0,0.2428,-0.0203,-0.0266,-0.9695,0.000,0.000,0.008,0.0000,0.0039,-0.0020
RTLS,v3,847844,241,4,2,3021,-86,-87.9,230.63,3,3068,-91,-92.7,219.32,4,3899,-80,-82.5,347.48,5,1290,-89,-92.6,181.42
RTLS,v3,847969,241,4,2,3017,-86,-87.9,259.62,3,3026,-91,-92.4,247.78,4,3899,-82,-85.6,418.11,5,1365,-89,-92.5,236.89
RTLS,v3,848104,241,4,2,3026,-87,-89.1,224.36,3,3012,-91,-92.9,242.84,4,3880,-81,-84.7,424.86,5,1379,-89,-92.2,222.12
RTLS,v3,848230,241,4,2,3040,-86,-88.1,307.43,3,3073,-91,-92.6,248.03,4,3889,-82,-84.6,402.83,5,1408,-89,-92.1,225.98
RTLS,v3,848355,241,4,2,3012,-86,-88.2,322.90,3,3040,-91,-93.0,288.74,4,3908,-80,-82.5,375.00,5,1342,-89,-91.9,141.51
RTLS,v3,848480,241,4,2,2998,-86,-88.3,264.01,3,3045,-91,-92.5,256.75,4,3852,-80,-82.5,386.86,5,1389,-89,-91.8,194.77
RTLS,v3,848605,241,4,2,3021,-86,-88.2,349.48,3,3064,-91,-92.4,266.45,4,3875,-81,-84.0,393.88,5,1384,-89,-92.2,201.04
RTLS,v3,848731,241,4,2,3026,-86,-88.8,286.66,3,3082,-91,-92.6,251.02,4,3899,-80,-83.0,428.02,5,1379,-89,-91.7,239.74
RTLS,v3,1217084,240,4,2,3936,-83,-85.7,358.98,3,4040,-92,-92.7,261.38,4,3946,-81,-84.0,414.23,5,1942,-92,-96.2,178.28,IMU,0,0.2427,-0.0203,-0.0267,-0.9695,0.000,0.008,0.008,0.0000,0.0000,0.0000
RTLS,v3,848963,241,4,2,3031,-87,-88.9,287.84,3,3078,-91,-93.2,264.80,4,3857,-82,-85.9,408.92,5,1412,-89,-92.1,150.32
RTLS,v3,849106,241,4,2,2998,-86,-88.1,298.77,3,3115,-90,-92.3,233.82,4,3838,-81,-85.0,352.02,5,1403,-89,-92.3,123.15
RTLS,v3,1217463,240,4,2,4011,-84,-86.9,328.34,3,4096,-91,-92.3,287.95,4,3946,-79,-80.9,391.75,5,1971,-92,-96.2,113.34,IMU,0,0.2427,-0.0203,-0.0267,-0.9695,0.035,0.000,-0.031,0.0000,0.0000,0.0000
RTLS,v3,849342,241,4,2,2970,-86,-88.1,355.90,3,3036,-90,-92.3,254.60,4,3899,-82,-84.6,364.11,5,1370,-89,-92.6,207.67
RTLS,v3,849467,241,4,2,3021,-86,-88.5,267.20,3,3068,-91,-92.3,249.12,4,3871,-81,-83.2,392.73,5,1445,-89,-92.5,217.76
RTLS,v3,849561,241,0
RTLS,v3,1217813,240,0,IMU,0,0.2427,-0.0203,-0.0267,-0.9695,0.008,0.000,0.000,0.0000,0.0000,0.0000
RTLS,v3,849713,241,3,3,3106,-91,-92.9,282.41,4,3838,-81,-83.7,413.55,5,1408,-89,-91.8,222.79
RTLS,v3,849842,241,2,4,3875,-81,-83.7,402.20,5,1370,-89,-92.6,153.44
RTLS,v3,849995,241,3,3,3068,-91,-92.9,219.20,4,3894,-82,-85.0,389.00,5,1408,-89,-92.0,210.57
RTLS,v3,850169,241,4,2,3017,-86,-88.4,285.55,3,3073,-91,-92.7,265.59,4,3904,-82,-85.1,364.50,5,1379,-89,-92.1,206.86
RTLS,v3,1218523,240,4,2,3997,-84,-86.3,304.90,3,3988,-91,-92.8,260.66,4,3932,-80,-81.4,460.60,5,1933,-92,-95.9,122.54,IMU,0,0.2426,-0.0201,-0.0267,-0.9695,-0.031,-0.031,0.000,0.0000,0.0000,0.0000
RTLS,v3,850402,241,4,2,3021,-86,-88.6,326.45,3,3064,-91,-92.3,292.50,4,3866,-80,-83.5,329.44,5,1365,-89,-92.8,144.02
RTLS,v3,850528,241,4,2,3021,-89,-89.8,227.06,3,3073,-91,-92.6,264.09,4,3889,-81,-84.5,423.02,5,1379,-89,-92.9,227.24
RTLS,v3,850653,241,4,2,3031,-87,-88.5,351.48,3,2984,-90,-92.0,294.28,4,3908,-81,-84.0,363.54,5,1408,-89,-93.0,198.32
RTLS,v3,850778,241,4,2,2993,-87,-88.6,354.88,3,3064,-90,-92.2,269.14,4,3908,-80,-82.7,395.02,5,1384,-89,-92.3,243.81
RTLS,v3,1219133,240,4,2,3988,-84,-86.8,338.61,3,4058,-92,-93.1,291.35,4,3904,-80,-83.3,385.77,5,1938,-92,-96.9,146.06,IMU,0,0.2426,-0.0200,-0.0266,-0.9695,0.008,0.000,-0.031,0.0000,0.0000,0.0000
RTLS,v3,851012,241,4,2,3068,-87,-88.8,315.42,3,3045,-91,-92.1,277.38,4,3908,-81,-83.9,349.75,5,1393,-89,-91.8,208.36
RTLS,v3,851149,241,4,2,2909,-86,-88.8,285.35,3,3120,-91,-92.2,254.85,4,3899,-80,-83.1,356.06,5,1361,-89,-92.8,164.70
RTLS,v3,851215,241,0
RTLS,v3,1219484,240,0,IMU,0,0.2426,-0.0200,-0.0267,-0.9695,0.008,0.000,0.000,0.0000,0.0000,0.0000
RTLS,v3,851643,241,3,3,3017,-91,-92.6,226.56,4,3955,-81,-84.2,325.17,5,1337,-89,-92.5,200.22
RTLS,v3,851947,241,3,2,3021,-86,-88.2,288.47,4,3904,-80,-83.2,390.55,5,1351,-89,-92.4,199.49
RTLS,v3,1220303,240,4,2,4016,-84,-86.7,320.35,3,4016,-92,-93.1,240.11,4,3904,-79,-81.0,447.48,5,1924,-92,-96.8,184.97,IMU,0,0.2426,-0.0200,-0.0267,-0.9695,0.008,0.000,0.000,0.0000,0.0000,0.0000
RTLS,v3,852182,241,4,2,3059,-86,-88.2,269.78,3,3073,-90,-92.6,235.03,4,3861,-80,-83.2,425.95,5,1389,-89,-91.8,271.16
RTLS,v3,852308,241,4,2,2989,-86,-88.2,305.68,3,3097,-91,-93.2,244.43,4,3885,-82,-86.2,365.07,5,1384,-89,-92.2,163.70
RTLS,v3,852433,241,4,2,3036,-86,-87.7,266.58,3,3064,-90,-92.1,205.20,4,3861,-80,-83.1,392.00,5,1389,-89,-92.2,235.90
RTLS,v3,852583,241,3,3,3092,-91,-92.7,249.40,4,3875,-80,-82.4,393.20,5,1403,-89,-91.9,220.80
RTLS,v3,852758,241,4,2,3036,-86,-88.5,217.51,3,3078,-91,-92.6,221.04,4,3899,-80,-83.1,431.65,5,1323,-89,-92.9,188.14
RTLS,v3,1221112,240,4,2,3997,-84,-85.6,387.38,3,4077,-92,-93.5,251.24,4,3936,-79,-80.9,378.06,5,1933,-92,-96.0,162.72,IMU,0,0.2426,-0.0200,-0.0267,-0.9695,0.008,0.000,0.008,0.0000,0.0000,0.0000
RTLS,v3,853041,241,4,2,3007,-87,-89.2,278.04,3,3082,-91,-92.1,236.36,4,3885,-81,-83.8,291.21,5,1403,-90,-93.2,161.70
RTLS,v3,853167,241,4,2,3040,-86,-88.5,272.58,3,3036,-91,-92.1,254.85,4,3871,-80,-82.6,397.52,5,1370,-89,-91.5,239.74
RTLS,v3,853319,241,3,2,3012,-86,-88.6,338.75,4,3871,-80,-83.1,403.52,5,1379,-89,-91.9,241.22
RTLS,v3,853444,241,4,2,3012,-86,-88.2,313.89,3,3064,-91,-93.0,252.99,4,3918,-81,-84.7,357.08,5,1403,-89,-91.6,252.67
RTLS,v3,853569,241,4,2,3045,-88,-89.4,242.51,3,3003,-90,-92.7,220.27,4,3852,-81,-83.4,446.45,5,1412,-90,-92.7,218.08
RTLS,v3,1221922,240,4,2,4002,-85,-88.1,320.16,3,4054,-92,-93.0,245.91,4,3932,-81,-84.2,381.15,5,1905,-92,-96.6,157.29,IMU,0,0.2426,-0.0202,-0.0267,-0.9695,0.035,0.039,-0.039,0.0000,0.0000,0.0000
RTLS,v3,853801,241,4,2,3059,-86,-88.3,217.35,3,3059,-90,-92.3,255.00,4,3861,-81,-85.1,349.02,5,1403,-89,-92.2,222.07
RTLS,v3,853927,241,4,2,3050,-87,-88.9,307.78,3,3078,-91,-92.8,282.31,4,3894,-81,-84.1,395.84,5,1403,-89,-92.8,173.55
RTLS,v3,854052,241,4,2,2998,-86,-88.4,298.67,3,3078,-91,-92.5,245.24,4,3866,-82,-84.4,325.67,5,1379,-89,-91.5,192.75
RTLS,v3,854177,241,4,2,3017,-86,-88.4,238.17,3,3059,-91,-92.4,227.44,4,3904,-81,-84.3,401.82,5,1417,-89,-91.7,254.12
RTLS,v3,854411,241,4,2,3045,-86,-88.7,261.61,3,3068,-91,-92.6,235.69,4,3927,-81,-84.7,361.73,5,1389,-89,-92.5,151.59
RTLS,v3,854536,241,4,2,3026,-87,-88.9,292.16,3,3129,-91,-92.7,257.52,4,3843,-80,-83.5,431.75,5,1370,-89,-92.8,196.81
RTLS,v3,854661,241,4,2,3050,-86,-88.0,359.12,3,3068,-90,-92.6,248.55,4,3908,-82,-85.0,355.29,5,1408,-89,-92.2,134.26
RTLS,v3,854798,241,4,2,3017,-86,-88.2,319.73,3,2965,-91,-92.3,236.67,4,3880,-82,-86.1,364.13,5,1426,-89,-92.5,199.39
RTLS,v3,1223200,240,4,2,3983,-84,-86.2,289.95,3,4063,-91,-92.8,255.88,4,3908,-79,-81.0,515.72,5,1919,-92,-96.3,84.29,IMU,0,0.2426,-0.0198,-0.0268,-0.9695,0.043,0.000,0.008,0.0000,-0.0039,0.0000
RTLS,v3,855079,241,4,2,2984,-87,-89.1,228.65,3,3059,-91,-92.6,241.36,4,3866,-81,-83.4,384.86,5,1389,-89,-91.9,155.40
RTLS,v3,855231,241,3,2,3003,-86,-88.1,309.35,4,3847,-80,-82.5,414.08,5,1417,-89,-92.1,205.18
RTLS,v3,855356,241,4,2,3036,-86,-88.4,296.02,3,3078,-91,-92.8,274.74,4,3819,-81,-84.5,342.43,5,1384,-89,-92.2,220.35
RTLS,v3,1223763,240,4,2,3983,-83,-86.1,294.98,3,4087,-92,-93.1,249.68,4,3960,-79,-80.9,488.67,5,1905,-92,-96.2,133.41,IMU,0,0.2426,-0.0200,-0.0268,-0.9695,0.008,0.000,0.008,0.0000,0.0000,0.0039
RTLS,v3,855642,241,4,2,3068,-86,-88.8,315.83,3,3082,-91,-93.1,203.45,4,3908,-81,-84.3,328.40,5,1408,-89,-92.6,199.00
RTLS,v3,855816,241,4,2,3040,-86,-88.3,319.57,3,3050,-91,-92.1,239.65,4,3866,-80,-84.2,298.40,5,1436,-89,-92.0,205.18
RTLS,v3,856097,241,4,2,2993,-88,-89.6,286.25,3,3073,-91,-92.4,231.96,4,3871,-81,-83.7,338.84,5,1426,-89,-92.9,135.22
RTLS,v3,856223,241,4,2,3017,-87,-88.9,310.06,3,3059,-91,-92.3,284.34,4,3847,-81,-83.4,421.59,5,1389,-89,-92.2,159.89
RTLS,v3,856348,241,4,2,3021,-86,-88.4,260.27,3,3068,-90,-92.1,279.03,4,3889,-81,-83.4,328.21,5,1379,-89,-92.1,149.78
RTLS,v3,856732,241,3,3,3078,-91,-92.6,240.07,4,3922,-81,-84.4,389.39,5,1408,-89,-91.9,249.37
RTLS,v3,856857,241,4,2,3021,-87,-89.1,237.89,3,3078,-91,-92.1,244.14,4,3899,-80,-82.8,383.89,5,1389,-89,-91.6,217.72
RTLS,v3,1225211,240,4,2,3969,-83,-86.0,335.33,3,4007,-92,-93.3,213.06,4,3946,-80,-82.4,354.15,5,1952,-92,-96.2,155.58,IMU,0,0.2426,-0.0204,-0.0270,-0.9695,0.035,-0.039,0.008,0.0000,-0.0020,0.0000
RTLS,v3,857090,241,4,2,3012,-86,-88.4,301.09,3,3115,-91,-93.3,271.69,4,3847,-80,-84.0,354.48,5,1379,-89,-92.0,190.36
RTLS,v3,857242,241,3,3,3050,-91,-92.8,223.59,4,3880,-81,-83.3,383.17,5,1365,-89,-91.7,229.64
RTLS,v3,857367,241,4,2,3031,-87,-88.8,316.25,3,3031,-90,-92.2,267.80,4,3899,-82,-84.7,383.00,5,1393,-89,-92.2,228.39
RTLS,v3,857492,241,4,2,3031,-88,-89.6,254.80,3,3064,-91,-92.4,259.52,4,3880,-80,-82.4,413.05,5,1379,-89,-92.7,118.84
RTLS,v3,857643,241,3,2,3017,-86,-88.5,297.61,4,3885,-82,-85.0,390.38,5,1393,-89,-92.9,192.30
RTLS,v3,857768,241,4,2,2989,-87,-88.8,254.07,3,3003,-91,-92.4,268.70,4,3927,-80,-82.3,356.83,5,1422,-89,-92.1,203.79
RTLS,v3,857918,241,3,3,3087,-91,-92.3,236.09,4,3824,-81,-83.3,359.38,5,1351,-89,-92.3,133.67
RTLS,v3,858044,241,4,2,3026,-86,-88.3,266.88,3,3007,-91,-93.1,277.76,4,3941,-81,-83.5,391.70,5,1393,-89,-92.1,172.20
RTLS,v3,858279,241,4,2,3026,-86,-89.2,284.65,3,3073,-91,-92.6,273.90,4,3899,-82,-86.1,341.25,5,1426,-89,-92.1,183.89
RTLS,v3,858431,241,3,3,3064,-91,-92.2,287.92,4,3932,-81,-83.4,467.70,5,1398,-89,-92.5,172.99
RTLS,v3,858582,241,3,3,3097,-91,-93.4,235.56,4,3885,-80,-83.8,407.77,5,1445,-89,-92.0,206.20
RTLS,v3,858735,241,3,3,3111,-90,-92.0,236.28,4,3861,-80,-82.5,382.80,5,1417,-89,-91.9,208.62
RTLS,v3,858888,241,3,3,3054,-91,-92.5,271.43,4,3894,-82,-85.2,382.65,5,1417,-89,-91.9,189.78
RTLS,v3,859119,241,4,2,3026,-87,-88.9,224.36,3,3045,-91,-92.5,306.95,4,4007,-82,-84.7,324.47,5,1356,-89,-91.6,220.69
RTLS,v3,859244,241,4,2,3026,-86,-88.4,345.40,3,3129,-91,-92.4,281.53,4,3838,-80,-83.1,396.23,5,1417,-89,-92.0,184.77
RTLS,v3,859369,241,4,2,3054,-87,-88.3,278.53,3,3050,-91,-92.5,314.50,4,3833,-81,-83.8,417.75,5,1342,-89,-93.0,116.80
RTLS,v3,859494,241,4,2,3003,-87,-89.0,270.33,3,3068,-91,-92.8,209.31,4,3814,-82,-85.4,423.81,5,1398,-89,-91.9,218.60
RTLS,v3,859619,241,4,2,3054,-86,-88.5,301.95,3,3054,-91,-92.5,243.15,4,3908,-81,-83.4,348.75,5,1328,-89,-92.3,247.86
RTLS,v3,859744,241,4,2,3031,-86,-88.7,260.71,3,3054,-91,-93.5,223.33,4,3908,-82,-85.2,382.27,5,1375,-89,-91.6,202.45
RTLS,v3,859869,241,4,2,3064,-86,-88.4,243.45,3,2979,-91,-92.8,263.50,4,3885,-81,-84.3,331.69,5,1384,-89,-92.0,189.82
RTLS,v3,1228350,240,4,2,4049,-84,-86.0,387.42,3,4058,-92,-93.1,221.50,4,3932,-79,-81.3,492.83,5,1956,-92,-96.0,160.63,IMU,0,0.2424,-0.0202,-0.0268,-0.9696,-0.031,-0.008,0.008,-0.0059,-0.0059,0.0059
RTLS,v3,860229,241,4,2,3036,-87,-88.8,303.70,3,3087,-91,-92.3,275.89,4,3880,-80,-83.0,397.32,5,1393,-89,-93.1,149.59
RTLS,v3,860354,241,4,2,3050,-86,-88.2,277.80,3,3050,-91,-92.6,272.65,4,3899,-80,-82.3,397.82,5,1347,-89,-92.1,171.63
RTLS,v3,860479,241,4,2,3040,-86,-87.6,312.04,3,3059,-91,-92.2,239.70,4,3833,-82,-86.0,319.83,5,1389,-89,-92.0,232.00
RTLS,v3,860644,241,3,3,3026,-91,-92.7,270.15,4,3880,-82,-85.0,363.17,5,1403,-89,-91.7,231.81
RTLS,v3,1228999,240,4,2,3983,-84,-87.2,361.52,3,4058,-91,-92.8,243.36,4,3908,-80,-81.0,435.18,5,1924,-92,-96.5,140.70,IMU,0,0.2424,-0.0197,-0.0267,-0.9696,0.051,0.000,0.008,0.0020,0.0059,0.0020
RTLS,v3,860879,241,4,2,3021,-86,-88.5,283.77,3,3129,-91,-93.0,231.94,4,3861,-82,-85.3,386.69,5,1389,-89,-91.5,170.21
RTLS,v3,861004,241,4,2,3050,-87,-88.6,239.54,3,3092,-91,-92.1,242.42,4,3899,-81,-84.5,408.75,5,1389,-89,-91.6,214.04
RTLS,v3,861129,241,4,2,3012,-86,-88.6,282.15,3,3073,-90,-92.7,212.51,4,3833,-80,-83.2,353.58,5,1398,-89,-92.1,198.03
RTLS,v3,861254,241,4,2,3003,-86,-88.2,292.95,3,3021,-91,-92.7,235.93,4,3899,-80,-84.3,343.69,5,1318,-89,-92.5,218.82
RTLS,v3,1229609,240,4,2,4026,-83,-85.4,368.73,3,4021,-92,-93.0,233.72,4,3913,-80,-82.4,360.41,5,1942,-92,-95.9,105.41,IMU,0,0.2424,-0.0200,-0.0266,-0.9696,0.008,0.008,0.008,-0.0039,0.0020,-0.0020
RTLS,v3,861538,241,4,2,3021,-86,-87.7,293.30,3,3040,-91,-93.0,259.51,4,3857,-81,-84.7,325.87,5,1379,-89,-92.3,181.30
RTLS,v3,861713,241,4,2,3021,-86,-88.0,283.60,3,3064,-91,-92.5,275.08,4,3889,-81,-84.0,347.02,5,1384,-90,-92.9,226.42
RTLS,v3,861950,241,4,2,3017,-87,-88.7,302.91,3,3073,-91,-93.4,257.64,4,3908,-81,-82.9,410.70,5,1379,-89,-92.4,129.91
RTLS,v3,862101,241,3,3,3097,-91,-92.8,270.59,4,3885,-81,-84.1,373.83,5,1389,-89,-92.9,143.14
RTLS,v3,862226,241,4,2,3045,-86,-88.4,290.19,3,3073,-91,-92.5,321.05,4,3852,-81,-84.6,320.93,5,1403,-89,-91.8,190.09
RTLS,v3,862459,241,4,2,3054,-87,-89.2,319.50,3,3082,-91,-93.5,217.33,4,3866,-80,-82.3,334.08,5,1379,-89,-91.7,207.91
RTLS,v3,862585,241,4,2,3007,-88,-89.3,298.01,3,3045,-90,-92.1,240.25,4,3941,-81,-84.1,353.15,5,1337,-89,-92.0,231.80
RTLS,v3,862750,241,3,3,2984,-90,-92.5,229.11,4,3922,-80,-82.9,354.15,5,1393,-89,-92.1,210.02
RTLS,v3,862875,241,4,2,3040,-86,-88.4,298.00,3,3054,-91,-92.6,316.09,4,3866,-80,-84.2,400.67,5,1393,-89,-91.7,210.43
RTLS,v3,1231229,240,4,2,3997,-84,-86.3,325.91,3,4035,-92,-93.5,189.13,4,3993,-80,-82.0,443.09,5,1947,-92,-96.8,122.19,IMU,0,0.2424,-0.0205,-0.0264,-0.9696,0.035,-0.031,0.008,0.0039,0.0098,-0.0020
RTLS,v3,863108,241,4,2,3021,-86,-88.2,331.65,3,3068,-90,-92.2,245.51,4,3904,-81,-83.2,368.71,5,1412,-89,-91.9,214.55
RTLS,v3,863233,241,4,2,3031,-86,-88.1,286.30,3,3031,-91,-92.7,226.82,4,3899,-81,-84.1,433.30,5,1426,-89,-91.9,172.18
RTLS,v3,863358,241,4,2,3012,-87,-88.8,323.55,3,3059,-91,-92.8,261.54,4,3894,-81,-83.7,387.34,5,1412,-89,-92.4,220.77
RTLS,v3,863483,241,4,2,3054,-86,-88.3,275.95,3,3078,-91,-92.6,282.59,4,3791,-82,-84.3,422.48,5,1389,-89,-91.8,207.48
RTLS,v3,863635,241,3,2,2998,-87,-89.3,266.72,4,3814,-81,-83.9,353.44,5,1422,-89,-91.8,229.28
RTLS,v3,863760,241,4,2,3021,-86,-88.6,221.65,3,3064,-91,-92.3,237.87,4,3904,-81,-83.9,383.60,5,1389,-89,-92.1,216.49
RTLS,v3,863885,241,4,2,3036,-87,-88.8,260.26,3,3045,-91,-92.4,292.92,4,3899,-81,-83.3,412.05,5,1398,-89,-91.5,264.45
RTLS,v3,1232239,240,4,2,3974,-83,-86.4,333.38,3,4011,-92,-93.2,276.41,4,3913,-80,-83.4,384.31,5,1956,-92,-95.9,176.99,IMU,0,0.2421,-0.0204,-0.0264,-0.9697,0.000,0.000,0.008,0.0039,0.0059,-0.0020
RTLS,v3,864118,241,4,2,3059,-87,-88.9,294.72,3,3073,-91,-92.2,245.29,4,3913,-81,-85.0,322.06,5,1440,-89,-92.2,199.12
RTLS,v3,864256,241,4,2,2942,-87,-89.7,212.12,3,3087,-91,-92.9,263.33,4,3908,-82,-85.2,360.38,5,1375,-89,-92.2,179.87
RTLS,v3,1232629,240,4,2,3997,-83,-84.4,329.54,3,4002,-92,-93.2,248.02,4,3960,-80,-82.4,393.40,5,1933,-92,-96.6,114.81,IMU,0,0.2421,-0.0203,-0.0266,-0.9697,0.000,0.000,0.008,0.0000,0.0000,0.0000
RTLS,v3,864557,241,4,2,3040,-87,-89.1,296.40,3,3064,-90,-92.3,251.50,4,3857,-82,-85.6,413.15,5,1384,-89,-92.0,205.12
RTLS,v3,864732,241,4,2,3082,-86,-88.0,363.19,3,3068,-91,-92.7,230.13,4,3875,-81,-83.2,426.02,5,1375,-89,-92.3,253.83
RTLS,v3,1233088,240,4,2,3974,-84,-85.9,427.93,3,4040,-91,-92.6,303.73,4,3936,-82,-84.7,365.88,5,1956,-92,-96.2,133.53,IMU,0,0.2421,-0.0203,-0.0267,-0.9697,0.000,0.000,0.008,0.0000,0.0000,0.0000
RTLS,v3,864967,241,4,2,3031,-86,-88.3,298.80,3,3068,-91,-92.4,269.71,4,3796,-81,-83.7,382.48,5,1384,-89,-92.0,188.89
RTLS,v3,865117,241,3,3,3097,-91,-93.4,213.14,4,3885,-81,-83.0,390.60,5,1403,-89,-91.9,209.31
RTLS,v3,865243,241,4,2,3021,-87,-89.1,272.31,3,2993,-91,-92.5,292.09,4,3904,-80,-82.8,416.41,5,1403,-89,-92.0,192.23
RTLS,v3,1233599,240,4,2,3997,-83,-85.8,330.15,3,4054,-91,-92.4,247.75,4,3927,-80,-82.7,424.75,5,1942,-92,-96.0,149.36,IMU,0,0.2421,-0.0205,-0.0268,-0.9697,0.027,0.000,-0.039,0.0000,0.0000,0.0000
RTLS,v3,865478,241,4,2,3040,-87,-89.4,257.69,3,3078,-91,-93.0,238.44,4,3866,-81,-83.9,432.77,5,1389,-89,-92.6,158.76
RTLS,v3,865603,241,4,2,3050,-87,-88.8,255.97,3,3064,-91,-93.1,201.64,4,3885,-81,-83.5,371.35,5,1398,-89,-91.8,230.25
RTLS,v3,865728,241,4,2,3045,-86,-88.2,329.48,3,3050,-91,-92.5,301.28,4,3885,-81,-83.4,411.75,5,1379,-89,-92.0,156.78
RTLS,v3,865864,241,4,2,3012,-86,-88.4,344.33,3,3012,-91,-92.7,270.50,4,3904,-80,-82.2,427.00,5,1379,-89,-91.8,225.00
RTLS,v3,1234218,240,4,2,3979,-84,-86.6,329.73,3,4049,-92,-93.1,207.09,4,3965,-79,-81.9,397.35,5,1895,-92,-96.3,140.86,IMU,0,0.2421,-0.0205,-0.0268,-0.9697,0.000,0.000,0.008,0.0000,0.0000,0.0000
RTLS,v3,866097,241,4,2,3003,-87,-88.9,297.19,3,3087,-91,-92.5,227.32,4,3880,-82,-85.5,364.52,5,1384,-89,-91.9,223.79
RTLS,v3,866222,241,4,2,3045,-86,-88.3,325.62,3,3092,-91,-93.0,285.63,4,3936,-80,-83.3,377.84,5,1408,-90,-92.7,213.99
RTLS,v3,866365,241,4,2,3050,-86,-88.7,268.16,3,3036,-91,-93.3,212.72,4,3880,-80,-83.2,357.67,5,1440,-89,-92.2,136.43
RTLS,v3,866897,241,4,2,3003,-87,-88.8,255.57,3,3012,-91,-92.6,285.01,4,3960,-81,-83.5,366.48,5,1398,-89,-93.1,142.40
RTLS,v3,867048,241,3,3,3054,-90,-92.3,249.46,4,3913,-81,-84.9,373.81,5,1375,-89,-92.1,151.66
RTLS,v3,867173,241,4,2,3031,-86,-89.0,253.21,3,3078,-91,-93.2,232.89,4,3885,-81,-83.4,422.75,5,1426,-89,-92.2,213.84
RTLS,v3,867323,241,3,3,3101,-91,-92.9,200.60,4,3889,-81,-83.9,408.23,5,1370,-89,-91.7,192.96
RTLS,v3,867861,241,4,2,3068,-86,-88.8,261.22,3,3082,-2147483648,-92.7,258.73,4,3871,-81,-84.8,440.43,5,1384,-89,-92.1,203.88
RTLS,v3,1236216,240,4,2,3974,-85,-88.0,366.73,3,4054,-92,-93.9,211.10,4,3955,-80,-81.7,438.50,5,1942,-92,-96.2,103.36,IMU,0,0.2422,-0.0203,-0.0268,-0.9696,0.035,0.000,0.000,0.0039,-0.0020,0.0020
RTLS,v3,868095,241,4,2,3017,-87,-89.1,273.20,3,3125,-91,-93.5,226.86,4,3894,-80,-82.2,425.10,5,1379,-89,-91.5,208.79
RTLS,v3,868326,241,4,2,3017,-87,-89.1,289.23,3,3050,-90,-91.9,292.85,4,3889,-81,-83.8,354.60,5,1323,-89,-92.8,185.17
RTLS,v3,868478,241,3,3,3036,-91,-92.4,259.29,4,3875,-81,-84.0,360.50,5,1403,-89,-91.8,201.62
RTLS,v3,868603,241,4,2,3021,-86,-88.5,276.75,3,3078,-91,-93.1,257.23,4,3889,-82,-85.7,342.18,5,1393,-89,-92.1,147.86
RTLS,v3,1236957,240,4,2,3988,-84,-85.7,360.98,3,4096,-92,-93.6,239.71,4,3946,-81,-83.1,446.48,5,2027,-92,-96.9,126.60,IMU,0,0.2422,-0.0202,-0.0267,-0.9697,0.035,0.000,0.008,-0.0020,0.0020,-0.0020
RTLS,v3,868836,241,4,2,3036,-86,-88.4,214.43,3,3082,-91,-92.8,238.10,4,3857,-81,-83.3,378.19,5,1314,-89,-92.0,167.15
RTLS,v3,868987,241,3,3,3031,-91,-92.7,286.78,4,3899,-80,-82.5,465.60,5,1365,-89,-92.2,213.76
RTLS,v3,869112,241,4,2,3021,-86,-87.9,278.20,3,3073,-90,-92.2,287.92,4,3796,-82,-84.4,389.13,5,1389,-89,-91.7,229.14
RTLS,v3,1237464,240,4,2,3997,-83,-86.5,366.95,3,4072,-92,-93.3,231.71,4,3969,-80,-81.6,441.60,5,1952,-92,-95.9,166.11,IMU,0,0.2421,-0.0207,-0.0265,-0.9697,-0.008,0.008,0.047,0.0000,-0.0078,-0.0020
RTLS,v3,869343,241,4,2,3017,-86,-88.9,286.42,3,3059,-91,-92.3,268.39,4,3866,-81,-85.1,382.64,5,1384,-89,-92.6,184.46
RTLS,v3,869577,241,4,2,3036,-86,-87.9,300.97,3,3064,-91,-92.7,263.28,4,3866,-81,-83.2,420.25,5,1412,-89,-92.1,239.51
RTLS,v3,869702,241,4,2,3021,-86,-88.6,253.49,3,3059,-90,-92.0,306.89,4,3908,-81,-84.3,439.75,5,1398,-89,-91.7,189.11
RTLS,v3,869827,241,4,2,3040,-86,-88.4,359.79,3,3040,-91,-92.5,280.61,4,3875,-81,-83.2,379.29,5,1384,-89,-92.2,167.01
RTLS,v3,869952,241,4,2,3031,-86,-87.6,310.50,3,3078,-90,-92.0,303.52,4,3922,-80,-83.2,403.80,5,1445,-89,-92.1,191.89
RTLS,v3,1238306,240,4,2,3997,-83,-85.8,298.12,3,4026,-92,-93.4,214.43,4,3936,-80,-81.3,437.60,5,1910,-92,-96.0,111.47,IMU,0,0.2420,-0.0202,-0.0267,-0.9697,0.043,-0.039,0.047,0.0020,0.0000,0.0000
RTLS,v3,870198,241,4,2,3017,-85,-87.4,321.48,3,3143,-90,-92.4,260.24,4,3885,-80,-83.6,365.56,5,1384,-89,-92.2,161.58
RTLS,v3,870324,241,4,2,3054,-86,-88.7,265.93,3,3078,-90,-92.6,236.79,4,3899,-82,-85.3,361.02,5,1361,-89,-91.9,205.15
RTLS,v3,870449,241,4,2,2989,-87,-89.0,310.90,3,3068,-91,-92.6,287.47,4,3866,-81,-84.4,342.07,5,1389,-89,-92.0,225.24
RTLS,v3,870601,241,3,2,3021,-86,-88.3,297.66,4,3857,-81,-83.8,382.15,5,1398,-89,-92.1,151.94
RTLS,v3,1238956,240,4,2,3946,-83,-85.7,305.38,3,4068,-91,-92.7,273.12,4,3955,-81,-82.7,442.61,5,1924,-92,-96.2,132.42,IMU,0,0.2421,-0.0203,-0.0268,-0.9697,0.000,0.000,-0.031,-0.0078,-0.0078,-0.0020
RTLS,v3,870884,241,4,2,3036,-85,-88.3,257.65,3,3059,-91,-92.8,296.65,4,3847,-82,-85.0,338.65,5,1332,-89,-92.3,233.82
RTLS,v3,871059,241,4,2,3007,-86,-88.6,271.57,3,3050,-91,-92.6,266.26,4,3908,-81,-84.4,397.38,5,1389,-89,-91.9,146.14
RTLS,v3,1239416,240,4,2,3988,-85,-87.3,328.55,3,4035,-91,-92.9,227.21,4,3974,-81,-82.9,482.08,5,1900,-92,-96.0,114.22,IMU,0,0.2421,-0.0203,-0.0268,-0.9697,-0.039,0.039,0.008,0.0000,0.0000,0.0000
RTLS,v3,871296,241,4,2,3026,-87,-88.7,280.17,3,3050,-91,-92.9,262.67,4,3936,-82,-84.1,388.92,5,1328,-90,-92.8,167.03
RTLS,v3,871421,241,4,2,3021,-86,-88.3,323.50,3,3087,-91,-92.8,266.39,4,3875,-81,-83.4,376.04,5,1379,-89,-92.4,230.68
RTLS,v3,871571,241,3,3,3036,-91,-92.3,253.43,4,3889,-81,-84.2,301.91,5,1393,-89,-92.4,164.44
RTLS,v3,1239926,240,4,2,3979,-83,-85.0,317.10,3,4105,-92,-93.1,245.09,4,3922,-81,-83.4,426.27,5,1942,-92,-96.1,109.73,IMU,0,0.2421,-0.0204,-0.0266,-0.9697,-0.039,0.008,0.008,0.0000,0.0000,0.0000
RTLS,v3,871805,241,4,2,3012,-86,-88.5,308.08,3,3040,-91,-92.7,235.41,4,3875,-81,-84.5,339.77,5,1318,-89,-91.8,202.03
RTLS,v3,871931,241,4,2,3012,-86,-88.3,320.65,3,3097,-91,-92.5,308.13,4,3913,-80,-82.2,438.60,5,1398,-89,-92.0,234.41
RTLS,v3,872056,241,4,2,3050,-87,-89.3,328.35,3,3017,-91,-93.0,194.66,4,3932,-81,-85.1,417.43,5,1403,-89,-91.8,184.74
RTLS,v3,872181,241,4,2,3017,-85,-88.1,285.35,3,3082,-91,-93.2,201.96,4,3871,-81,-84.0,424.98,5,1389,-89,-92.8,187.21
RTLS,v3,1240535,240,4,2,3974,-83,-85.3,380.71,3,4063,-92,-93.0,254.32,4,3974,-80,-81.3,427.80,5,1928,-92,-96.3,116.22,IMU,0,0.2421,-0.0204,-0.0267,-0.9697,0.000,0.000,0.008,0.0000,0.0000,0.0000
RTLS,v3,872414,241,4,2,3017,-86,-88.3,331.13,3,3068,-90,-92.4,233.26,4,3889,-81,-83.4,400.79,5,1384,-89,-91.5,202.58
RTLS,v3,872565,241,3,3,2956,-91,-92.7,246.29,4,3922,-81,-83.3,380.02,5,1389,-89,-92.6,154.68
RTLS,v3,872691,241,4,2,3031,-87,-88.9,279.96,3,3050,-91,-93.4,248.86,4,3894,-80,-83.8,359.04,5,1417,-89,-92.2,201.77
RTLS,v3,1241045,240,4,2,3941,-85,-87.8,361.38,3,4072,-92,-93.1,221.66,4,3969,-81,-82.3,430.73,5,1900,-92,-96.1,136.78,IMU,0,0.2421,-0.0204,-0.0267,-0.9697,-0.008,0.000,-0.039,0.0000,0.0020,-0.0020
RTLS,v3,872925,241,4,2,3012,-86,-88.2,266.58,3,3036,-91,-92.3,252.91,4,3866,-82,-84.0,376.87,5,1431,-89,-92.9,167.89
RTLS,v3,873050,241,4,2,3017,-87,-88.8,303.57,3,3040,-90,-92.0,234.50,4,3913,-82,-84.3,422.56,5,1300,-89,-91.5,257.91
RTLS,v3,873201,241,3,3,3064,-90,-91.9,240.15,4,3861,-80,-83.0,420.17,5,1384,-89,-91.8,212.75
RTLS,v3,1241555,240,4,2,3979,-84,-87.4,308.82,3,4072,-91,-92.8,255.74,4,4002,-80,-81.7,454.98,5,1956,-92,-96.6,98.72,IMU,0,0.2421,-0.0203,-0.0267,-0.9697,0.008,0.008,0.008,0.0039,0.0020,0.0000
RTLS,v3,873434,241,4,2,3017,-86,-88.5,273.66,3,3064,-91,-92.4,260.28,4,3880,-81,-83.0,420.14,5,1422,-89,-91.9,218.01
RTLS,v3,873560,241,4,2,3012,-87,-89.1,281.42,3,3078,-90,-92.1,265.85,4,3988,-81,-84.3,355.77,5,1379,-89,-93.1,124.42
RTLS,v3,873685,241,4,2,3054,-86,-88.1,290.42,3,3073,-91,-92.8,267.57,4,3805,-81,-83.5,341.68,5,1393,-89,-92.8,188.70
RTLS,v3,873871,241,4,2,3003,-86,-88.3,290.48,3,3082,-90,-92.6,211.04,4,3843,-81,-84.5,335.85,5,1412,-89,-91.9,203.42
RTLS,v3,874046,241,4,2,3012,-86,-88.6,362.71,3,3082,-90,-91.9,277.23,4,3913,-81,-83.4,337.65,5,1469,-89,-92.0,205.30
RTLS,v3,1242405,240,4,2,3988,-84,-86.2,291.61,3,4044,-92,-93.2,208.75,4,3965,-80,-81.5,405.14,5,1886,-92,-96.2,92.77,IMU,0,0.2421,-0.0203,-0.0266,-0.9697,0.035,0.000,0.008,0.0000,0.0000,0.0000
RTLS,v3,874285,241,4,2,3021,-87,-88.6,309.55,3,3054,-91,-92.1,300.38,4,3786,-81,-83.5,411.25,5,1351,-89,-92.8,169.46
RTLS,v3,874410,241,4,2,3036,-86,-88.4,334.75,3,3097,-91,-92.5,294.88,4,3894,-81,-84.0,356.38,5,1408,-89,-92.3,128.43
RTLS,v3,874561,241,3,3,3087,-91,-92.6,268.40,4,3908,-81,-83.7,398.68,5,1445,-89,-92.1,211.24
RTLS,v3,1242914,240,4,2,3974,-83,-85.7,376.17,3,4016,-92,-93.6,208.76,4,3946,-80,-81.6,408.05,5,1989,-92,-96.2,135.64,IMU,0,0.2421,-0.0204,-0.0266,-0.9697,0.000,0.008,0.008,0.0000,0.0000,0.0000
RTLS,v3,874793,241,4,2,3012,-87,-88.4,304.80,3,3078,-90,-92.2,254.06,4,3861,-81,-83.8,370.56,5,1398,-89,-92.2,140.79
RTLS,v3,874919,241,4,2,3026,-86,-87.8,331.87,3,3021,-91,-92.4,251.96,4,3908,-81,-83.5,416.12,5,1379,-89,-91.9,242.25
RTLS,v3,875053,241,1,5,1379,-89,-92.3,225.28
RTLS,v3,1243296,240,0,IMU,0,0.2421,-0.0203,-0.0267,-0.9697,0.008,0.008,0.016,0.0000,0.0000,0.0000
RTLS,v3,875191,241,3,2,3036,-86,-88.4,326.68,4,3932,-80,-82.4,332.75,5,1379,-89,-91.9,182.24
RTLS,v3,875403,241,3,2,3021,-87,-88.9,271.69,4,3950,-82,-85.4,333.65,5,1361,-89,-92.0,211.79
RTLS,v3,875507,241,3,2,3003,-86,-88.3,306.52,4,3913,-81,-83.2,425.48,5,1445,-89,-92.8,220.16
RTLS,v3,1243913,240,4,2,4063,-83,-85.3,398.27,3,4044,-92,-93.5,201.01,4,3941,-80,-81.4,464.81,5,1919,-92,-95.8,130.08,IMU,0,0.2421,-0.0202,-0.0266,-0.9697,0.035,0.000,0.008,0.0000,0.0000,0.0000
RTLS,v3,875792,241,4,2,3050,-87,-89.0,274.12,3,3082,-91,-92.5,246.13,4,3889,-82,-85.0,393.00,5,1440,-89,-92.0,133.15
RTLS,v3,1244194,240,4,2,3979,-83,-85.2,362.58,3,4058,-92,-93.2,248.46,4,3904,-82,-84.8,443.93,5,1961,-92,-96.3,143.28,IMU,0,0.2421,-0.0203,-0.0266,-0.9697,-0.039,-0.039,0.008,0.0000,0.0000,0.0000
RTLS,v3,876073,241,4,2,2961,-86,-88.6,284.23,3,3078,-91,-92.5,271.11,4,3889,-82,-86.1,369.15,5,1393,-89,-91.9,189.49
RTLS,v3,876199,241,4,2,3007,-87,-88.7,331.38,3,2956,-91,-92.6,218.14,4,3880,-80,-82.7,439.27,5,1384,-89,-92.1,238.11
RTLS,v3,876324,241,4,2,3045,-87,-89.0,279.38,3,3068,-91,-92.8,296.52,4,3922,-82,-84.2,334.22,5,1318,-89,-92.0,189.30
RTLS,v3,876449,241,4,2,3036,-86,-88.6,242.83,3,3097,-91,-92.7,247.02,4,3800,-80,-82.6,387.93,5,1375,-89,-91.9,195.39
RTLS,v3,876600,241,3,2,3021,-86,-88.5,345.00,3,3068,-91,-93.0,239.77,5,1370,-89,-91.6,193.00
RTLS,v3,876752,241,3,3,3139,-91,-92.3,250.50,4,3866,-82,-85.0,388.06,5,1393,-89,-92.5,240.82
RTLS,v3,876926,241,4,2,3017,-86,-88.3,265.02,3,3045,-91,-92.9,278.22,4,3913,-82,-85.4,447.14,5,1403,-89,-92.6,158.18
RTLS,v3,877101,241,4,2,3036,-86,-88.4,266.56,3,3031,-90,-92.2,271.59,4,3885,-80,-83.4,344.15,5,1398,-89,-92.9,148.83
RTLS,v3,1245455,240,4,2,3979,-85,-87.1,417.77,3,4087,-92,-92.9,259.74,4,3922,-80,-81.5,412.91,5,1914,-92,-95.7,160.38,IMU,0,0.2421,-0.0200,-0.0268,-0.9697,0.008,0.000,-0.023,0.0059,0.0117,0.0000
RTLS,v3,877334,241,4,2,3021,-86,-88.0,321.27,3,3092,-91,-92.6,249.03,4,3880,-81,-83.6,372.17,5,1304,-89,-91.7,219.78
RTLS,v3,877460,241,4,2,3031,-86,-88.3,315.41,3,3092,-91,-93.4,257.78,4,3899,-82,-84.9,385.85,5,1393,-89,-92.2,202.93
RTLS,v3,877585,241,4,2,3026,-87,-88.8,328.42,3,3054,-91,-92.9,224.95,4,3904,-82,-84.4,392.87,5,1379,-89,-92.5,232.50
RTLS,v3,877736,241,3,3,3059,-91,-92.5,282.62,4,3918,-81,-84.4,361.00,5,1398,-89,-92.3,133.84
RTLS,v3,877861,241,4,2,3021,-86,-88.3,258.41,3,3092,-90,-92.2,290.40,4,3955,-81,-83.4,386.04,5,1389,-89,-92.6,218.43
RTLS,v3,877986,241,4,2,3054,-86,-88.1,250.64,3,3045,-91,-92.6,253.47,4,3847,-80,-83.0,385.43,5,1393,-89,-91.6,178.35
RTLS,v3,878111,241,4,2,3036,-87,-89.3,299.28,3,3059,-91,-92.1,294.88,4,3918,-80,-82.3,429.73,5,1398,-89,-91.5,229.41
RTLS,v3,878262,241,3,2,3073,-86,-88.2,300.39,4,3880,-81,-84.3,387.12,5,1351,-89,-91.7,219.39
RTLS,v3,878387,241,4,2,3036,-86,-88.6,303.68,3,3106,-91,-92.4,261.54,4,3913,-81,-84.6,340.98,5,1379,-89,-92.0,161.90
RTLS,v3,1246743,240,4,2,3936,-85,-86.5,329.27,3,4049,-91,-92.7,223.93,4,3983,-80,-82.7,337.81,5,1919,-92,-96.2,130.29,IMU,0,0.2420,-0.0203,-0.0269,-0.9697,-0.039,0.039,0.008,0.0020,-0.0020,0.0000
RTLS,v3,878622,241,4,2,3050,-86,-87.6,264.56,3,3101,-91,-92.4,287.18,4,3866,-81,-82.8,446.15,5,1398,-89,-91.7,188.87
RTLS,v3,878747,241,4,2,3003,-87,-89.0,347.09,3,3082,-91,-92.9,259.84,4,3899,-81,-83.8,448.05,5,1389,-89,-92.3,175.13
RTLS,v3,878872,241,4,2,3068,-86,-88.7,230.34,3,3064,-91,-92.4,255.76,4,3899,-82,-85.3,413.85,5,1379,-89,-92.0,207.28
RTLS,v3,879023,241,3,3,3054,-91,-92.4,272.56,4,3861,-81,-83.7,393.44,5,1408,-89,-91.8,189.04
RTLS,v3,879148,241,4,2,2998,-86,-88.5,270.10,3,3073,-91,-92.3,295.33,4,3852,-81,-83.6,410.07,5,1403,-89,-92.1,153.32
RTLS,v3,879273,241,4,2,3012,-88,-89.4,257.56,3,3073,-91,-93.0,243.36,4,3871,-81,-83.4,416.17,5,1431,-89,-91.8,192.83
RTLS,v3,879398,241,4,2,3031,-87,-88.6,353.39,3,3068,-91,-93.3,230.25,4,3922,-81,-84.3,396.33,5,1304,-89,-92.1,187.08
RTLS,v3,879693,241,4,2,3026,-87,-89.0,279.84,3,3045,-91,-92.4,217.54,4,3899,-81,-84.2,469.90,5,1347,-89,-92.3,144.81
RTLS,v3,879868,241,4,2,3021,-87,-89.4,246.40,3,3068,-90,-92.3,245.97,4,3885,-82,-85.2,387.81,5,1403,-89,-92.5,218.94
RTLS,v3,1248223,240,4,2,3969,-85,-87.9,395.75,3,4049,-92,-93.1,220.86,4,3965,-79,-80.9,474.52,5,1910,-92,-96.8,116.98,IMU,0,0.2419,-0.0203,-0.0266,-0.9697,0.000,0.000,-0.031,0.0000,0.0000,-0.0020
RTLS,v3,880102,241,4,2,3012,-86,-88.2,291.83,3,3087,-90,-91.9,243.26,4,3871,-81,-84.1,456.55,5,1351,-89,-91.7,199.15
RTLS,v3,880352,241,4,2,3050,-85,-88.4,233.14,3,3045,-91,-92.5,268.25,4,3908,-81,-84.7,300.13,5,1408,-89,-91.7,213.07
RTLS,v3,880477,241,4,2,3054,-87,-88.6,290.56,3,3045,-90,-92.2,259.87,4,3950,-81,-83.7,373.27,5,1398,-89,-92.0,197.20
RTLS,v3,880724,241,4,2,3036,-87,-88.6,329.98,3,3068,-91,-92.6,232.00,4,4021,-81,-84.4,360.27,5,1375,-89,-91.9,205.24
RTLS,v3,880849,241,4,2,3012,-86,-88.4,247.90,3,3167,-90,-92.4,222.18,4,3833,-82,-84.4,404.77,5,1370,-89,-92.0,147.83
RTLS,v3,880974,241,4,2,3017,-86,-88.6,247.43,3,3092,-91,-92.9,287.83,4,3885,-80,-83.7,343.70,5,1389,-89,-91.4,258.94
RTLS,v3,881099,241,4,2,3012,-86,-88.7,246.39,3,3059,-91,-92.2,265.19,4,3880,-80,-83.3,410.23,5,1393,-89,-92.0,201.64
RTLS,v3,1249453,240,4,2,4030,-84,-86.5,329.48,3,4091,-91,-92.7,255.04,4,3993,-80,-81.1,392.52,5,1966,-92,-96.7,117.98,IMU,0,0.2418,-0.0203,-0.0267,-0.9697,0.008,0.039,0.047,0.0059,-0.0137,0.0020
RTLS,v3,881333,241,4,2,3031,-86,-88.5,302.64,3,3078,-91,-93.0,250.62,4,3889,-82,-84.9,334.52,5,1361,-89,-92.2,130.11
RTLS,v3,881484,241,3,3,3068,-91,-93.0,234.25,4,3936,-80,-82.9,369.17,5,1361,-89,-91.7,225.91
RTLS,v3,881609,241,4,2,3003,-86,-88.5,250.47,3,3050,-91,-93.0,301.38,4,3819,-81,-83.6,405.16,5,1379,-89,-92.6,165.41
RTLS,v3,1249962,240,4,2,4002,-83,-86.4,319.31,3,4030,-92,-93.0,249.29,4,3918,-82,-84.8,508.62,5,1924,-92,-96.1,162.64,IMU,0,0.2418,-0.0204,-0.0268,-0.9697,0.000,0.000,-0.031,-0.0020,-0.0020,0.0000
RTLS,v3,881841,241,4,2,3031,-86,-87.9,257.79,3,3050,-90,-92.5,245.28,4,3936,-81,-84.0,465.70,5,1295,-89,-91.6,209.95
RTLS,v3,881967,241,4,2,3007,-86,-88.3,337.80,3,3045,-91,-92.5,278.12,4,3880,-81,-83.7,350.75,5,1384,-89,-91.8,183.64
RTLS,v3,882092,241,4,2,3064,-86,-88.4,279.30,3,3087,-91,-93.0,234.16,4,3880,-82,-85.2,365.40,5,1403,-89,-91.9,238.04
RTLS,v3,882256,241,3,2,3040,-87,-88.6,325.98,4,3941,-82,-85.2,393.42,5,1379,-89,-92.0,154.41
RTLS,v3,882378,241,2,2,3040,-86,-88.9,261.15,3,3097,-91,-92.4,263.07
RTLS,v3,1250972,240,4,2,3960,-84,-86.5,340.54,3,4077,-92,-93.2,226.29,4,3936,-80,-82.0,417.68,5,1933,-92,-96.5,124.43,IMU,0,0.2419,-0.0204,-0.0269,-0.9697,-0.039,0.000,0.008,0.0117,-0.0020,0.0000
RTLS,v3,882900,241,4,2,3017,-87,-89.1,289.25,3,3097,-90,-92.5,282.50,4,3894,-82,-85.0,401.62,5,1398,-89,-92.4,210.11
RTLS,v3,883026,241,4,2,2993,-87,-88.6,313.55,3,3064,-90,-91.9,246.51,4,3871,-81,-84.2,366.46,5,1412,-89,-91.7,216.22
RTLS,v3,1251381,240,4,2,3983,-83,-85.3,343.50,3,4054,-92,-93.2,308.61,4,3950,-82,-84.2,464.91,5,1867,-92,-96.7,104.54,IMU,0,0.2420,-0.0203,-0.0269,-0.9697,0.000,0.000,-0.031,-0.0039,0.0000,0.0020
RTLS,v3,883260,241,4,2,3012,-86,-88.0,348.33,3,3031,-90,-92.2,260.74,4,3866,-80,-83.1,388.91,5,1440,-89,-92.2,231.67
RTLS,v3,883386,241,4,2,3017,-86,-88.1,273.12,3,3054,-91,-93.3,252.15,4,3941,-80,-83.4,285.91,5,1370,-89,-91.7,171.78
RTLS,v3,883511,241,4,2,3012,-86,-88.1,258.40,3,3167,-91,-92.5,243.33,4,3880,-82,-85.0,421.77,5,1403,-89,-92.9,187.41
RTLS,v3,883662,241,3,3,3050,-91,-92.6,243.78,4,3894,-81,-84.3,367.50,5,1379,-89,-91.9,258.84
RTLS,v3,883813,241,3,3,3073,-91,-92.9,224.24,4,3885,-81,-84.0,380.23,5,1403,-89,-92.7,208.11
RTLS,v3,883916,241,3,3,3050,-91,-93.1,225.22,4,3880,-81,-84.0,376.50,5,1422,-90,-93.1,159.71
RTLS,v3,1252271,240,4,2,4068,-84,-86.0,349.27,3,4082,-92,-93.2,204.18,4,3965,-80,-81.1,462.25,5,1933,-92,-96.2,114.82,IMU,0,0.2421,-0.0203,-0.0267,-0.9697,0.035,0.000,0.008,0.0000,0.0000,0.0000
RTLS,v3,884129,241,3,3,3125,-90,-92.3,237.96,4,3885,-81,-84.5,437.07,5,1403,-89,-92.1,181.67
RTLS,v3,1252482,240,4,2,4072,-84,-85.7,346.12,3,4044,-92,-93.1,217.64,4,3913,-80,-81.9,454.98,5,1938,-92,-96.2,146.79,IMU,0,0.2421,-0.0204,-0.0267,-0.9697,0.000,0.000,0.008,0.0000,0.0000,0.0000
RTLS,v3,884362,241,4,2,2956,-86,-88.6,303.15,3,3054,-91,-92.8,253.95,4,3871,-81,-85.0,370.93,5,1403,-89,-92.1,218.32
RTLS,v3,884540,241,2,4,3904,-80,-83.2,423.55,5,1417,-89,-92.3,204.44
RTLS,v3,884665,241,4,2,3021,-86,-87.5,243.93,3,3087,-91,-92.9,224.54,4,3871,-81,-84.2,387.84,5,1412,-89,-92.8,235.62
RTLS,v3,884730,241,0
RTLS,v3,1252983,240,0,IMU,0,0.2421,-0.0204,-0.0266,-0.9697,-0.008,0.000,0.016,0.0000,0.0000,0.0000
RTLS,v3,884852,241,4,2,3017,-86,-87.7,289.07,3,3012,-90,-92.4,250.81,4,3899,-80,-82.9,448.58,5,1379,-89,-91.5,204.46
RTLS,v3,1253212,240,4,2,4044,-84,-86.6,377.05,3,4087,-92,-93.0,261.72,4,3950,-79,-81.2,420.61,5,1947,-92,-96.3,129.51,IMU,0,0.2421,-0.0205,-0.0267,-0.9697,-0.008,-0.039,0.016,0.0000,0.0000,0.0000
RTLS,v3,885091,241,4,2,3021,-86,-88.8,263.36,3,3054,-91,-92.4,274.77,4,3904,-80,-82.6,415.70,5,1398,-89,-92.4,171.48
RTLS,v3,885217,241,4,2,3050,-86,-88.5,283.65,3,3059,-91,-92.9,256.12,4,3889,-81,-83.2,425.66,5,1351,-89,-92.0,196.25
RTLS,v3,885342,241,4,2,3021,-86,-88.5,274.11,3,3050,-91,-92.0,287.75,4,3866,-81,-84.8,312.40,5,1370,-89,-92.5,244.55
RTLS,v3,885516,241,4,2,3007,-87,-89.2,300.22,3,3031,-91,-92.5,276.03,4,3899,-80,-82.6,415.35,5,1473,-89,-93.2,184.08
RTLS,v3,1253870,240,4,2,3979,-83,-86.4,307.44,3,4077,-92,-92.9,279.80,4,3979,-80,-81.7,490.67,5,1956,-92,-96.6,124.13,IMU,0,0.2421,-0.0203,-0.0267,-0.9697,0.008,0.000,-0.031,0.0000,0.0000,0.0000
RTLS,v3,885797,241,4,2,2956,-87,-89.0,312.53,3,3054,-91,-92.4,242.29,4,3894,-80,-83.6,338.61,5,1403,-89,-92.2,148.39
RTLS,v3,885880,241,0
RTLS,v3,1254160,240,1,5,1900,-92,-96.1,111.67,IMU,0,0.2421,-0.0202,-0.0268,-0.9697,0.008,0.000,0.008,-0.0020,0.0000,-0.0020
RTLS,v3,886029,241,4,2,3031,-87,-88.7,319.53,3,3064,-91,-92.4,253.04,4,3908,-81,-84.4,362.63,5,1469,-89,-92.6,162.49
RTLS,v3,1254439,240,4,2,3950,-83,-86.4,327.23,3,4077,-91,-92.5,211.45,4,3988,-80,-81.2,426.77,5,1928,-92,-95.9,122.99,IMU,0,0.2422,-0.0202,-0.0267,-0.9697,0.008,0.000,0.008,0.0020,0.0020,0.0000
RTLS,v3,886318,241,4,2,3017,-86,-88.6,298.19,3,3101,-91,-93.4,245.95,4,3880,-82,-85.2,329.64,5,1393,-89,-91.7,135.47
RTLS,v3,886471,241,3,2,3021,-86,-88.3,290.57,4,3885,-80,-83.5,291.29,5,1426,-89,-93.0,195.36
RTLS,v3,886596,241,4,2,3059,-86,-88.5,308.92,3,2989,-91,-92.7,219.27,4,3899,-81,-83.6,380.45,5,1379,-89,-91.9,207.53
RTLS,v3,1254999,240,4,2,3955,-83,-85.4,301.71,3,4054,-92,-92.9,269.12,4,3960,-80,-83.0,444.83,5,1961,-92,-96.9,161.67,IMU,0,0.2421,-0.0203,-0.0268,-0.9697,0.000,0.000,-0.031,0.0000,0.0000,0.0000
RTLS,v3,886878,241,4,2,3031,-87,-89.2,226.49,3,3059,-91,-92.7,255.24,4,3824,-80,-82.5,384.27,5,1403,-89,-91.9,197.81
RTLS,v3,887003,241,4,2,3068,-86,-88.3,273.18,3,3073,-91,-92.1,261.88,4,3894,-81,-83.2,389.05,5,1375,-89,-92.3,129.48
RTLS,v3,887128,241,4,2,3036,-86,-88.5,297.45,3,3078,-91,-92.5,270.37,4,3927,-82,-85.2,389.17,5,1370,-89,-91.9,191.03
RTLS,v3,1255480,240,4,2,3993,-84,-85.9,327.75,3,4021,-92,-93.0,265.88,4,3946,-79,-80.4,486.86,5,1938,-92,-96.2,141.13,IMU,0,0.2421,-0.0202,-0.0268,-0.9697,0.000,0.039,0.008,0.0000,0.0000,0.0000
RTLS,v3,887359,241,4,2,3040,-87,-88.9,348.43,3,3129,-91,-93.1,272.44,4,3843,-81,-85.0,349.38,5,1445,-89,-92.2,213.38
RTLS,v3,887526,241,3,3,3068,-91,-92.9,263.46,4,3880,-82,-84.3,357.98,5,1398,-89,-91.9,137.70
RTLS,v3,1255880,240,4,2,3993,-83,-84.5,339.73,3,4049,-92,-93.8,246.63,4,3974,-80,-82.1,412.67,5,1961,-92,-96.1,101.55,IMU,0,0.2421,-0.0203,-0.0267,-0.9697,-0.031,0.008,0.008,0.0000,0.0000,0.0000
RTLS,v3,887759,241,4,2,3007,-87,-89.0,300.72,3,3068,-91,-92.7,254.21,4,3913,-81,-84.0,430.48,5,1389,-89,-91.6,219.29
RTLS,v3,887884,241,4,2,3012,-86,-88.5,284.87,3,3017,-91,-93.2,276.10,4,3875,-81,-84.4,426.70,5,1375,-89,-92.5,131.97
RTLS,v3,888034,241,3,3,3054,-91,-93.1,257.85,4,3857,-81,-83.5,389.44,5,1379,-89,-92.2,180.62
RTLS,v3,888270,241,4,2,3045,-86,-88.4,305.93,3,3050,-91,-92.4,277.56,4,3936,-82,-85.5,348.77,5,1403,-89,-92.6,192.25
RTLS,v3,888396,241,4,2,2989,-86,-88.6,290.25,3,3045,-91,-92.5,295.02,4,3852,-80,-84.0,312.31,5,1318,-89,-92.8,167.90
RTLS,v3,888547,241,3,3,3106,-91,-92.1,286.97,4,3904,-80,-82.6,442.17,5,1370,-89,-92.1,146.01
